InvoiceNo,StockCode,Description,Quantity,InvoiceDate,UnitPrice,CustomerID,Country,Discount,PaymentMethod,ShippingCost,Category,SalesChannel,ReturnStatus,ShipmentProvider,WarehouseLocation,OrderPriority
221958,SKU_1964,White Mug,38,01-01-2020 00:00,1.71,37039,Australia,0.47,Bank Transfer,10.79,Apparel,In-store,Not Returned,UPS,London,Medium
771155,SKU_1241,White Mug,18,01-01-2020 01:00,41.25,19144,Spain,0.19,paypall,9.51,Electronics,Online,Not Returned,UPS,Rome,Medium
231932,SKU_1501,Headphones,49,01-01-2020 02:00,29.11,50472,Germany,0.35,Bank Transfer,23.03,Electronics,Online,Returned,UPS,Berlin,High
465838,SKU_1760,Desk Lamp,14,01-01-2020 03:00,76.68,96586,Netherlands,0.14,paypall,11.08,Accessories,Online,Not Returned,Royal Mail,Rome,Low
359178,SKU_1386,USB Cable,-30,01-01-2020 04:00,-68.11,,United Kingdom,1.501433043,Bank Transfer,,Electronics,In-store,Not Returned,FedEx,,Medium
744167,SKU_1006,Office Chair,47,01-01-2020 05:00,70.16,53887,Sweden,0.48,Credit Card,13.98,Electronics,Online,Not Returned,DHL,London,Medium
210268,SKU_1087,USB Cable,25,01-01-2020 06:00,85.74,46567,Belgium,0.15,Bank Transfer,12.92,Stationery,Online,Not Returned,FedEx,Amsterdam,High
832180,SKU_1597,Notebook,8,01-01-2020 07:00,95.65,75098,Norway,0.04,Bank Transfer,6.48,Electronics,In-store,Not Returned,Royal Mail,Amsterdam,Low
154886,SKU_1907,Wireless Mouse,19,01-01-2020 08:00,98.19,87950,Belgium,0.05,paypall,12.56,Apparel,Online,Not Returned,UPS,Berlin,High
237337,SKU_1866,Headphones,40,01-01-2020 09:00,98.17,39718,Italy,0.16,Bank Transfer,7.71,Apparel,Online,Not Returned,Royal Mail,London,Low
621430,SKU_1144,Notebook,49,01-01-2020 10:00,87.56,13030,United Kingdom,0.19,paypall,9.83,Stationery,In-store,Returned,UPS,Paris,Medium
187498,SKU_1450,Office Chair,41,01-01-2020 11:00,59.51,32466,Australia,0.39,Bank Transfer,12,Furniture,In-store,Not Returned,FedEx,Amsterdam,Low
999159,SKU_1330,Blue Pen,41,01-01-2020 12:00,25.59,89794,Australia,0.01,Credit Card,15.58,Electronics,In-store,Not Returned,FedEx,Berlin,Medium
275203,SKU_1709,Headphones,3,01-01-2020 13:00,2.09,97817,Spain,0.47,Credit Card,19.22,Stationery,Online,Not Returned,Royal Mail,Paris,Low
291335,SKU_1874,Wall Clock,29,01-01-2020 14:00,35.88,43017,Portugal,0.06,Credit Card,14.85,Electronics,Online,Not Returned,Royal Mail,Amsterdam,High
378167,SKU_1163,T-shirt,16,01-01-2020 15:00,82.58,85852,Belgium,0.41,Bank Transfer,27.02,Furniture,In-store,Not Returned,UPS,Amsterdam,High
141090,SKU_1656,Office Chair,7,01-01-2020 16:00,70.85,15473,Germany,0,Bank Transfer,23.66,Apparel,In-store,Not Returned,FedEx,Paris,High
429365,SKU_1341,Headphones,49,01-01-2020 17:00,14.91,55644,Netherlands,0.36,Bank Transfer,5.32,Stationery,Online,Not Returned,Royal Mail,Paris,Medium
164820,SKU_1000,Backpack,21,01-01-2020 18:00,1.07,20566,Sweden,0.49,Bank Transfer,15.09,Accessories,Online,Not Returned,FedEx,London,Medium
887201,SKU_1119,USB Cable,46,01-01-2020 19:00,27.03,19819,Spain,0.26,Credit Card,23.8,Furniture,In-store,Returned,UPS,London,Medium
421879,SKU_1578,Wall Clock,43,01-01-2020 20:00,77.17,24716,Norway,0.3,Bank Transfer,24.77,Accessories,In-store,Returned,FedEx,Berlin,Low
818315,SKU_1463,Notebook,14,01-01-2020 21:00,66.89,16604,Norway,0.42,paypall,15.05,Furniture,Online,Not Returned,FedEx,Berlin,High
427069,SKU_1866,Wireless Mouse,39,01-01-2020 22:00,66.18,45103,Sweden,0.07,Bank Transfer,27.02,Accessories,Online,Not Returned,Royal Mail,Paris,High
876997,SKU_1461,T-shirt,24,01-01-2020 23:00,70.01,14803,Norway,0.12,Credit Card,13.16,Stationery,Online,Not Returned,Royal Mail,Paris,Low
299041,SKU_1048,T-shirt,48,02-01-2020 00:00,27.87,26772,France,0.24,Bank Transfer,19.61,Electronics,Online,Not Returned,UPS,Berlin,Low
891743,SKU_1818,Blue Pen,30,02-01-2020 01:00,59.53,62114,Germany,0.25,paypall,23.67,Stationery,Online,Not Returned,DHL,Rome,Low
203355,SKU_1326,USB Cable,33,02-01-2020 02:00,97.96,38576,Italy,0.23,Bank Transfer,7.25,Stationery,Online,Not Returned,Royal Mail,Paris,High
335796,SKU_1473,Wall Clock,22,02-01-2020 03:00,28.73,60532,Netherlands,0.25,Credit Card,8.44,Apparel,Online,Not Returned,FedEx,Rome,Medium
314176,SKU_1887,Office Chair,10,02-01-2020 04:00,86.71,47802,Australia,0.36,Credit Card,16.86,Furniture,Online,Not Returned,DHL,Amsterdam,Low
284779,SKU_1938,USB Cable,11,02-01-2020 05:00,90.69,98066,United States,0.39,Credit Card,25.31,Furniture,Online,Not Returned,DHL,Amsterdam,Medium
447449,SKU_1367,White Mug,15,02-01-2020 06:00,40.36,83531,Portugal,0.03,Credit Card,6.14,Stationery,In-store,Not Returned,Royal Mail,Rome,High
521909,SKU_1286,White Mug,48,02-01-2020 07:00,8.39,59307,Netherlands,0.08,Bank Transfer,15.29,Electronics,In-store,Not Returned,Royal Mail,Amsterdam,Medium
358795,SKU_1023,Headphones,30,02-01-2020 08:00,99.31,61358,United Kingdom,0.31,Credit Card,22.31,Accessories,Online,Not Returned,Royal Mail,Berlin,Medium
586232,SKU_1722,Wall Clock,14,02-01-2020 09:00,10.32,54696,France,0.01,Credit Card,28.9,Stationery,In-store,Returned,DHL,Rome,Low
600186,SKU_1292,Headphones,32,02-01-2020 10:00,82.94,26741,Netherlands,0.15,Credit Card,28.6,Electronics,Online,Not Returned,UPS,Amsterdam,High
256730,SKU_1448,T-shirt,26,02-01-2020 11:00,35.39,28203,Australia,0.02,Bank Transfer,21.07,Stationery,In-store,Not Returned,DHL,Rome,Medium
970910,SKU_1984,Backpack,21,02-01-2020 12:00,61.34,87631,Belgium,0.24,Bank Transfer,9.39,Furniture,In-store,Not Returned,DHL,London,Low
484681,SKU_1062,Desk Lamp,5,02-01-2020 13:00,30.77,41311,Spain,0.31,paypall,15.27,Stationery,In-store,Not Returned,DHL,Amsterdam,Low
249503,SKU_1567,Wireless Mouse,47,02-01-2020 14:00,38.11,52219,France,0.27,paypall,25.15,Stationery,In-store,Not Returned,UPS,Paris,Medium
754811,SKU_1457,T-shirt,12,02-01-2020 15:00,29.06,30037,Portugal,0.15,paypall,12.84,Stationery,Online,Not Returned,UPS,London,Low
627035,SKU_1529,Notebook,29,02-01-2020 16:00,21.32,40568,Spain,0.16,Credit Card,10.88,Furniture,In-store,Not Returned,UPS,Paris,Low
748143,SKU_1873,Blue Pen,21,02-01-2020 17:00,36.85,89341,Australia,0.15,paypall,28.34,Electronics,In-store,Not Returned,UPS,Berlin,Low
552366,SKU_1960,Backpack,25,02-01-2020 18:00,86.68,69201,Australia,0.02,Bank Transfer,23.35,Accessories,In-store,Not Returned,Royal Mail,Berlin,Medium
165725,SKU_1412,USB Cable,16,02-01-2020 19:00,9.08,46393,France,0.04,Bank Transfer,18.69,Apparel,In-store,Not Returned,Royal Mail,Rome,Low
229981,SKU_1588,Desk Lamp,31,02-01-2020 20:00,2.1,47167,Norway,0.29,Bank Transfer,16.04,Furniture,Online,Not Returned,UPS,Amsterdam,Low
184654,SKU_1259,Wall Clock,20,02-01-2020 21:00,24.36,73680,Norway,0.07,Bank Transfer,18.99,Apparel,In-store,Not Returned,FedEx,London,High
691723,SKU_1632,Wireless Mouse,31,02-01-2020 22:00,84.83,57796,Netherlands,0.12,Bank Transfer,23.25,Stationery,In-store,Not Returned,UPS,Paris,High
419030,SKU_1907,Wireless Mouse,11,02-01-2020 23:00,93.1,18741,Australia,0.38,paypall,8.78,Electronics,Online,Not Returned,DHL,Paris,Low
428947,SKU_1183,T-shirt,32,03-01-2020 00:00,81.47,85133,Italy,0,Bank Transfer,9.14,Electronics,Online,Not Returned,DHL,Paris,High
655839,SKU_1047,Office Chair,48,03-01-2020 01:00,4.74,,Belgium,0.22,Credit Card,23.11,Accessories,Online,Not Returned,UPS,London,High
373538,SKU_1146,Headphones,8,03-01-2020 02:00,20.35,75852,Belgium,0.1,Credit Card,20.37,Stationery,In-store,Not Returned,UPS,Rome,Low
431236,SKU_1793,Wall Clock,23,03-01-2020 03:00,33.63,25739,France,0.33,Bank Transfer,6.6,Apparel,Online,Not Returned,DHL,Rome,Medium
628178,SKU_1875,Backpack,8,03-01-2020 04:00,68.66,79905,Netherlands,0.13,Credit Card,26.31,Stationery,In-store,Not Returned,Royal Mail,London,Low
665894,SKU_1805,Headphones,2,03-01-2020 05:00,33.4,59341,Sweden,0.16,Bank Transfer,18.88,Apparel,Online,Not Returned,Royal Mail,Berlin,Low
589492,SKU_1591,T-shirt,27,03-01-2020 06:00,49.95,28756,Italy,0.3,paypall,10.36,Stationery,In-store,Not Returned,DHL,London,Medium
356840,SKU_1747,Office Chair,36,03-01-2020 07:00,5.04,61799,United Kingdom,0.15,Bank Transfer,27.63,Apparel,In-store,Returned,FedEx,Paris,Low
573254,SKU_1408,Blue Pen,35,03-01-2020 08:00,4.66,32638,Australia,0.27,paypall,19.65,Furniture,In-store,Not Returned,UPS,London,Low
449457,SKU_1439,Desk Lamp,23,03-01-2020 09:00,73.48,80321,Italy,0.37,Bank Transfer,29.57,Stationery,Online,Not Returned,DHL,Amsterdam,High
765987,SKU_1457,Blue Pen,41,03-01-2020 10:00,11.4,35294,Germany,0.08,Bank Transfer,12.87,Accessories,Online,Not Returned,UPS,Berlin,High
370936,SKU_1228,Backpack,48,03-01-2020 11:00,28.29,47376,Belgium,0.33,Bank Transfer,16.89,Apparel,Online,Not Returned,DHL,Rome,High
339931,SKU_1283,Office Chair,13,03-01-2020 12:00,1.47,46641,Spain,0.32,paypall,8.53,Stationery,Online,Not Returned,UPS,London,Low
339629,SKU_1572,Notebook,31,03-01-2020 13:00,55.33,72552,Italy,0.05,Credit Card,25.13,Furniture,Online,Not Returned,Royal Mail,Paris,Low
305041,SKU_1731,Desk Lamp,45,03-01-2020 14:00,54.79,,United Kingdom,0.23,Credit Card,8.97,Accessories,In-store,Not Returned,DHL,,Medium
798361,SKU_1344,Office Chair,30,03-01-2020 15:00,45.18,64580,Netherlands,0.32,Credit Card,13.75,Furniture,Online,Not Returned,UPS,Amsterdam,Medium
831912,SKU_1600,Wireless Mouse,6,03-01-2020 16:00,78.9,54809,Italy,0.1,Bank Transfer,12.89,Accessories,Online,Not Returned,DHL,Berlin,High
517113,SKU_1946,Notebook,20,03-01-2020 17:00,39,43390,Italy,0.09,paypall,21.67,Electronics,Online,Not Returned,Royal Mail,Berlin,Medium
168148,SKU_1907,Wireless Mouse,26,03-01-2020 18:00,25.56,59957,United States,0.48,Bank Transfer,10.4,Electronics,In-store,Not Returned,UPS,London,High
877089,SKU_1263,Office Chair,36,03-01-2020 19:00,34.13,68005,Italy,0.32,Bank Transfer,20.69,Apparel,Online,Not Returned,FedEx,Paris,Medium
748531,SKU_1739,USB Cable,19,03-01-2020 20:00,69.38,96641,Norway,0.33,paypall,27.74,Furniture,Online,Not Returned,UPS,Amsterdam,Medium
351995,SKU_1377,USB Cable,22,03-01-2020 21:00,94.81,33544,Germany,0.43,Bank Transfer,25.61,Accessories,In-store,Not Returned,UPS,London,Medium
778843,SKU_1102,Wall Clock,12,03-01-2020 22:00,70.77,94953,Germany,0.33,Bank Transfer,17,Electronics,In-store,Not Returned,FedEx,Rome,High
672843,SKU_1953,Headphones,3,03-01-2020 23:00,99.17,,United States,0.03,paypall,11.58,Stationery,Online,Not Returned,DHL,London,Medium
356508,SKU_1599,T-shirt,5,04-01-2020 00:00,61.05,55140,Spain,0.45,Bank Transfer,8.03,Electronics,Online,Not Returned,Royal Mail,Rome,Low
903591,SKU_1022,T-shirt,5,04-01-2020 01:00,94.77,55936,Portugal,0.13,Bank Transfer,19.81,Electronics,Online,Not Returned,Royal Mail,Rome,Low
996942,SKU_1292,White Mug,43,04-01-2020 02:00,15.02,34933,Australia,0.02,Credit Card,18.34,Furniture,Online,Not Returned,UPS,Berlin,High
206530,SKU_1266,Notebook,23,04-01-2020 03:00,24.56,14443,Sweden,0.32,paypall,14.23,Stationery,Online,Not Returned,Royal Mail,London,Low
704365,SKU_1528,Office Chair,14,04-01-2020 04:00,66.41,16761,United Kingdom,0.22,paypall,22.68,Furniture,Online,Not Returned,Royal Mail,Amsterdam,High
922352,SKU_1475,White Mug,49,04-01-2020 05:00,49.41,80434,United Kingdom,0.38,Bank Transfer,8.8,Stationery,In-store,Not Returned,Royal Mail,London,Low
560337,SKU_1951,Blue Pen,39,04-01-2020 06:00,36.99,83214,Belgium,0.38,paypall,20.06,Accessories,In-store,Not Returned,DHL,Rome,Medium
824839,SKU_1948,Blue Pen,7,04-01-2020 07:00,36.14,48511,United States,0.34,Bank Transfer,6.87,Furniture,In-store,Not Returned,UPS,Amsterdam,Medium
905889,SKU_1450,Backpack,35,04-01-2020 08:00,30.82,53228,Italy,0.03,Credit Card,8.87,Furniture,Online,Returned,FedEx,Paris,Low
559773,SKU_1897,Wireless Mouse,38,04-01-2020 09:00,81.28,42562,Sweden,0.18,paypall,27.77,Furniture,In-store,Not Returned,DHL,Amsterdam,High
308261,SKU_1284,Headphones,14,04-01-2020 10:00,36.13,96452,Italy,0.34,Credit Card,14.95,Apparel,In-store,Returned,DHL,Berlin,Low
864469,SKU_1312,USB Cable,17,04-01-2020 11:00,8.62,35193,Belgium,0.13,paypall,19.11,Stationery,Online,Not Returned,FedEx,Amsterdam,Low
441097,SKU_1161,T-shirt,7,04-01-2020 12:00,15.96,30966,United Kingdom,0.28,paypall,23.88,Electronics,Online,Not Returned,DHL,Paris,High
415139,SKU_1589,USB Cable,20,04-01-2020 13:00,49.92,62514,Germany,0.4,Bank Transfer,8.34,Electronics,Online,Not Returned,Royal Mail,Rome,Low
271829,SKU_1121,T-shirt,34,04-01-2020 14:00,13.63,61596,Norway,0.08,Bank Transfer,24.2,Stationery,Online,Not Returned,DHL,Berlin,Low
371836,SKU_1480,T-shirt,30,04-01-2020 15:00,83.42,62583,United Kingdom,0.45,Bank Transfer,5.92,Electronics,Online,Not Returned,UPS,Paris,Low
538974,SKU_1111,Wireless Mouse,40,04-01-2020 16:00,91.57,82963,Norway,0.35,paypall,29.97,Accessories,In-store,Not Returned,FedEx,London,High
302283,SKU_1238,T-shirt,13,04-01-2020 17:00,7.54,89681,Belgium,0.38,Credit Card,26.46,Stationery,In-store,Not Returned,Royal Mail,Rome,Low
296769,SKU_1209,White Mug,6,04-01-2020 18:00,87.27,79200,Belgium,0.08,paypall,22.59,Electronics,Online,Not Returned,DHL,Paris,Low
661353,SKU_1348,White Mug,27,04-01-2020 19:00,68.95,28796,United States,0.45,Bank Transfer,18.1,Stationery,Online,Not Returned,UPS,Amsterdam,Medium
323165,SKU_1510,Backpack,18,04-01-2020 20:00,33.22,76428,France,0.22,Bank Transfer,24.77,Stationery,Online,Not Returned,Royal Mail,Rome,Medium
723587,SKU_1001,Blue Pen,24,04-01-2020 21:00,25.98,46156,Italy,0.13,Bank Transfer,16.68,Furniture,Online,Not Returned,FedEx,Amsterdam,Medium
635822,SKU_1891,Office Chair,32,04-01-2020 22:00,41.15,97271,United Kingdom,0.4,Credit Card,7.7,Accessories,Online,Not Returned,DHL,Berlin,High
587879,SKU_1714,Wall Clock,39,04-01-2020 23:00,60.36,90167,Sweden,0.07,Bank Transfer,24.41,Apparel,In-store,Not Returned,UPS,Rome,High
664685,SKU_1798,Backpack,26,05-01-2020 00:00,24.81,95325,Germany,0.4,Credit Card,26.82,Apparel,In-store,Returned,Royal Mail,Rome,Medium
882038,SKU_1628,White Mug,34,05-01-2020 01:00,88.14,41384,Netherlands,0.07,Bank Transfer,12.45,Furniture,Online,Not Returned,UPS,London,High
453531,SKU_1880,Wall Clock,21,05-01-2020 02:00,3.75,84562,Portugal,0.02,Bank Transfer,16.33,Electronics,In-store,Not Returned,DHL,Berlin,Low
363160,SKU_1460,USB Cable,28,05-01-2020 03:00,7.96,97931,Portugal,0.35,Bank Transfer,6.64,Furniture,Online,Not Returned,FedEx,London,Low
679879,SKU_1811,Backpack,5,05-01-2020 04:00,48.24,14493,Belgium,0.18,paypall,6.68,Stationery,Online,Not Returned,DHL,Amsterdam,Medium
320884,SKU_1894,Office Chair,42,05-01-2020 05:00,34.93,71731,France,0.41,paypall,17.4,Accessories,Online,Not Returned,Royal Mail,London,High
123247,SKU_1857,T-shirt,18,05-01-2020 06:00,31.83,60583,France,0.42,Credit Card,27.47,Apparel,Online,Returned,FedEx,Paris,High
124300,SKU_1951,Headphones,8,05-01-2020 07:00,46.19,,Norway,0.1,Bank Transfer,12.81,Stationery,In-store,Not Returned,UPS,,High
567281,SKU_1481,T-shirt,43,05-01-2020 08:00,57.77,97562,United States,0.1,Credit Card,11.1,Furniture,Online,Not Returned,FedEx,Amsterdam,Low
707086,SKU_1949,Notebook,48,05-01-2020 09:00,15.68,90838,Portugal,0.23,Credit Card,8.83,Apparel,In-store,Not Returned,DHL,London,High
633556,SKU_1948,USB Cable,34,05-01-2020 10:00,85.06,64838,United Kingdom,0.01,Bank Transfer,29.98,Accessories,In-store,Not Returned,DHL,Amsterdam,Medium
448951,SKU_1625,White Mug,22,05-01-2020 11:00,35.03,30725,France,0.24,Bank Transfer,8.25,Furniture,Online,Not Returned,DHL,Amsterdam,Low
374329,SKU_1585,Blue Pen,23,05-01-2020 12:00,49.73,59407,Italy,0.31,Credit Card,26.62,Electronics,Online,Not Returned,Royal Mail,Rome,High
819064,SKU_1971,Headphones,9,05-01-2020 13:00,57.1,90824,Sweden,0.01,Bank Transfer,11.88,Accessories,Online,Not Returned,Royal Mail,Amsterdam,Low
842139,SKU_1240,Wireless Mouse,27,05-01-2020 14:00,65.17,96508,Norway,0.12,paypall,28.59,Apparel,In-store,Returned,UPS,Rome,High
532315,SKU_1981,Backpack,14,05-01-2020 15:00,12.16,70672,Norway,0.2,Bank Transfer,12.57,Apparel,In-store,Not Returned,FedEx,Amsterdam,Medium
616588,SKU_1813,USB Cable,20,05-01-2020 16:00,84.61,19020,Norway,0.26,Bank Transfer,11.7,Stationery,In-store,Not Returned,FedEx,Paris,High
336584,SKU_1053,Notebook,26,05-01-2020 17:00,7.36,90743,Germany,0.05,paypall,29.14,Apparel,In-store,Not Returned,UPS,London,Low
662332,SKU_1670,Wireless Mouse,41,05-01-2020 18:00,22.68,64659,Netherlands,0.15,Bank Transfer,20.14,Stationery,Online,Not Returned,FedEx,Berlin,Medium
937646,SKU_1466,Wireless Mouse,7,05-01-2020 19:00,10.74,90633,United Kingdom,0.44,Bank Transfer,17.3,Accessories,In-store,Not Returned,DHL,Rome,Low
476896,SKU_1108,Blue Pen,24,05-01-2020 20:00,76.55,54727,United States,0,paypall,8.27,Accessories,Online,Not Returned,UPS,London,Medium
148984,SKU_1279,White Mug,9,05-01-2020 21:00,71.63,10961,Belgium,0.47,Bank Transfer,19.95,Apparel,In-store,Not Returned,UPS,London,High
402918,SKU_1664,Blue Pen,43,05-01-2020 22:00,30.59,66873,Belgium,0.2,paypall,10.32,Stationery,Online,Returned,UPS,London,High
364712,SKU_1674,Office Chair,7,05-01-2020 23:00,78.42,25714,Norway,0.05,Bank Transfer,26.71,Stationery,Online,Not Returned,DHL,Rome,Low
220151,SKU_1056,Wireless Mouse,37,06-01-2020 00:00,91,33058,Italy,0.42,paypall,11.14,Apparel,In-store,Not Returned,Royal Mail,Paris,High
555808,SKU_1839,Notebook,4,06-01-2020 01:00,19.27,83367,France,0.07,Credit Card,25.98,Accessories,Online,Not Returned,DHL,Amsterdam,Low
233767,SKU_1836,Wall Clock,11,06-01-2020 02:00,37.38,15608,Sweden,0.02,Credit Card,8.95,Electronics,In-store,Not Returned,FedEx,Amsterdam,Low
748663,SKU_1213,Headphones,4,06-01-2020 03:00,53.39,49169,Netherlands,0.5,Bank Transfer,8.56,Furniture,Online,Not Returned,FedEx,Berlin,Medium
803550,SKU_1507,White Mug,28,06-01-2020 04:00,31.18,70906,Spain,0.38,Bank Transfer,6.1,Stationery,In-store,Not Returned,Royal Mail,Berlin,High
236330,SKU_1027,Backpack,49,06-01-2020 05:00,66.8,39946,Netherlands,0.36,Bank Transfer,11.84,Stationery,Online,Not Returned,FedEx,Rome,High
580754,SKU_1203,Wall Clock,27,06-01-2020 06:00,83.54,67934,Netherlands,0.33,Credit Card,9.51,Stationery,In-store,Not Returned,DHL,London,Medium
401648,SKU_1544,Headphones,17,06-01-2020 07:00,73.34,30303,Norway,0.23,paypall,9.78,Furniture,In-store,Not Returned,Royal Mail,London,Medium
788519,SKU_1308,Notebook,40,06-01-2020 08:00,94.43,62272,United States,0.29,paypall,10.59,Apparel,In-store,Not Returned,Royal Mail,Rome,Low
113986,SKU_1633,T-shirt,6,06-01-2020 09:00,39.39,43069,United Kingdom,0.29,Bank Transfer,9.85,Electronics,In-store,Not Returned,DHL,Rome,Medium
686146,SKU_1527,USB Cable,17,06-01-2020 10:00,19.05,25812,France,0.02,Bank Transfer,11.25,Accessories,In-store,Not Returned,Royal Mail,Rome,Low
229312,SKU_1665,Headphones,43,06-01-2020 11:00,87.12,78376,Germany,0.45,Bank Transfer,18.17,Electronics,In-store,Not Returned,UPS,London,Low
112666,SKU_1907,T-shirt,12,06-01-2020 12:00,98.82,63965,Germany,0.25,paypall,5.34,Apparel,In-store,Not Returned,FedEx,Rome,High
400804,SKU_1342,Desk Lamp,40,06-01-2020 13:00,45.27,58575,France,0.08,paypall,21.25,Apparel,In-store,Not Returned,UPS,Berlin,Low
234633,SKU_1217,White Mug,1,06-01-2020 14:00,19.89,55924,Australia,0.28,Bank Transfer,13.87,Stationery,Online,Not Returned,FedEx,Paris,High
388998,SKU_1616,Desk Lamp,29,06-01-2020 15:00,29.51,52354,Australia,0.43,paypall,19.15,Accessories,In-store,Not Returned,UPS,Berlin,Medium
950937,SKU_1588,Wall Clock,26,06-01-2020 16:00,44.69,78432,France,0.46,Bank Transfer,21.57,Electronics,In-store,Not Returned,Royal Mail,London,Low
728776,SKU_1086,Wall Clock,8,06-01-2020 17:00,14.92,75894,France,0.16,Bank Transfer,14.11,Accessories,Online,Not Returned,DHL,Rome,Medium
807611,SKU_1030,T-shirt,30,06-01-2020 18:00,39.72,18762,Portugal,0.08,paypall,14.4,Stationery,Online,Not Returned,FedEx,Paris,High
384806,SKU_1099,Notebook,30,06-01-2020 19:00,69.96,15347,France,0.27,paypall,18.7,Stationery,Online,Not Returned,DHL,Amsterdam,High
894824,SKU_1666,Office Chair,4,06-01-2020 20:00,52.48,60989,Spain,0.37,paypall,29.12,Apparel,In-store,Not Returned,DHL,London,High
130535,SKU_1803,White Mug,24,06-01-2020 21:00,78.64,53955,Australia,0.06,paypall,8.97,Stationery,In-store,Not Returned,UPS,Rome,High
475713,SKU_1314,Wall Clock,26,06-01-2020 22:00,11.49,83421,France,0.21,Credit Card,18.94,Apparel,Online,Not Returned,DHL,Paris,Medium
938688,SKU_1494,Desk Lamp,8,06-01-2020 23:00,84.06,62215,Sweden,0.25,Credit Card,13.35,Stationery,Online,Not Returned,UPS,Paris,Medium
451279,SKU_1617,Wall Clock,-2,07-01-2020 00:00,34.06,,Spain,0.34,Credit Card,,Furniture,Online,Not Returned,DHL,,Medium
921654,SKU_1470,Blue Pen,18,07-01-2020 01:00,36,24841,Netherlands,0.16,Credit Card,17.99,Accessories,In-store,Not Returned,FedEx,Rome,High
701661,SKU_1741,Desk Lamp,34,07-01-2020 02:00,59.68,25661,Norway,0.34,Credit Card,15.93,Stationery,Online,Not Returned,DHL,London,Medium
747972,SKU_1514,Desk Lamp,-26,07-01-2020 03:00,-72.33,,Netherlands,1.972086538,paypall,,Electronics,In-store,Not Returned,Royal Mail,,Low
589570,SKU_1733,Wall Clock,40,07-01-2020 04:00,16.31,72722,Italy,0.3,Credit Card,6.51,Apparel,Online,Not Returned,DHL,Paris,Medium
556551,SKU_1632,USB Cable,9,07-01-2020 05:00,3,37447,Spain,0.41,Credit Card,5.01,Accessories,In-store,Not Returned,DHL,Berlin,Medium
373109,SKU_1671,White Mug,20,07-01-2020 06:00,28.4,44898,Netherlands,0.49,Credit Card,28.77,Electronics,Online,Not Returned,UPS,Amsterdam,Medium
124538,SKU_1782,T-shirt,40,07-01-2020 07:00,33.55,48163,Australia,0.28,Bank Transfer,10.63,Furniture,In-store,Not Returned,UPS,Rome,Low
994498,SKU_1997,Headphones,47,07-01-2020 08:00,16.09,25641,Italy,0.42,Credit Card,6.17,Electronics,In-store,Returned,Royal Mail,Berlin,Low
301664,SKU_1330,White Mug,46,07-01-2020 09:00,76.94,96058,United Kingdom,0.04,Credit Card,25.4,Electronics,In-store,Not Returned,FedEx,Berlin,Medium
591234,SKU_1193,Wall Clock,2,07-01-2020 10:00,65.92,73431,Sweden,0.46,Credit Card,13.12,Furniture,Online,Not Returned,UPS,Berlin,High
999684,SKU_1729,Blue Pen,43,07-01-2020 11:00,21.13,10263,Sweden,0.07,Bank Transfer,12.09,Accessories,In-store,Not Returned,Royal Mail,Berlin,High
239182,SKU_1190,T-shirt,39,07-01-2020 12:00,16.36,97116,Italy,0.02,paypall,24.95,Furniture,In-store,Not Returned,Royal Mail,Paris,Medium
572525,SKU_1251,Wall Clock,21,07-01-2020 13:00,49.16,40318,Portugal,0.36,Credit Card,25.76,Furniture,In-store,Not Returned,DHL,Amsterdam,Low
258338,SKU_1737,Blue Pen,14,07-01-2020 14:00,85.66,99357,United Kingdom,0.02,Bank Transfer,7.49,Electronics,Online,Not Returned,UPS,Amsterdam,Medium
284064,SKU_1000,Blue Pen,30,07-01-2020 15:00,38.2,35788,France,0.42,Bank Transfer,19.99,Stationery,In-store,Not Returned,UPS,Berlin,Low
314020,SKU_1458,White Mug,42,07-01-2020 16:00,63.34,27891,United States,0.42,paypall,10.89,Accessories,Online,Not Returned,DHL,London,Medium
723094,SKU_1644,Blue Pen,46,07-01-2020 17:00,23.1,11617,United States,0,paypall,27.63,Furniture,In-store,Not Returned,Royal Mail,Rome,Low
997421,SKU_1089,Notebook,17,07-01-2020 18:00,90.61,53537,Italy,0.18,paypall,14.91,Furniture,Online,Not Returned,Royal Mail,Paris,High
715270,SKU_1517,T-shirt,33,07-01-2020 19:00,81.72,99835,Portugal,0.29,Bank Transfer,15.35,Stationery,In-store,Not Returned,UPS,Paris,Medium
745914,SKU_1482,White Mug,11,07-01-2020 20:00,83.38,60352,Spain,0.35,Credit Card,21.57,Electronics,Online,Returned,DHL,Berlin,Medium
219176,SKU_1755,White Mug,42,07-01-2020 21:00,2.07,72043,United Kingdom,0.14,Credit Card,8.46,Electronics,Online,Not Returned,FedEx,Rome,Medium
318126,SKU_1644,Headphones,48,07-01-2020 22:00,49.42,75448,France,0.15,Bank Transfer,14.8,Electronics,In-store,Not Returned,FedEx,Berlin,High
318969,SKU_1115,Desk Lamp,-19,07-01-2020 23:00,-3.61,,Italy,1.052254326,Credit Card,,Apparel,In-store,Not Returned,UPS,,High
222409,SKU_1072,Headphones,8,08-01-2020 00:00,84.97,94303,Netherlands,0.42,Credit Card,5.05,Furniture,In-store,Not Returned,Royal Mail,Amsterdam,Medium
647707,SKU_1155,Wall Clock,4,08-01-2020 01:00,18.03,23776,Australia,0.12,paypall,19.85,Accessories,Online,Not Returned,Royal Mail,Paris,High
353618,SKU_1722,Office Chair,39,08-01-2020 02:00,72.72,32464,Italy,0.11,Credit Card,24.11,Stationery,In-store,Not Returned,Royal Mail,Rome,Medium
869598,SKU_1068,White Mug,42,08-01-2020 03:00,25.56,43533,Italy,0.27,Bank Transfer,10.56,Accessories,In-store,Not Returned,UPS,Berlin,Medium
150015,SKU_1470,Backpack,11,08-01-2020 04:00,83.63,78931,France,0.35,Credit Card,10.51,Apparel,Online,Not Returned,DHL,London,Low
872838,SKU_1491,Wall Clock,21,08-01-2020 05:00,32.07,,Belgium,0.01,Credit Card,9.79,Stationery,In-store,Not Returned,FedEx,Paris,Medium
222096,SKU_1299,T-shirt,4,08-01-2020 06:00,5.05,58610,Norway,0.1,paypall,13.41,Stationery,Online,Not Returned,DHL,Rome,Medium
731347,SKU_1143,Office Chair,47,08-01-2020 07:00,5.68,20524,United Kingdom,0.49,paypall,28.5,Apparel,In-store,Not Returned,DHL,Paris,Medium
285340,SKU_1710,Blue Pen,-3,08-01-2020 08:00,85.95,,Netherlands,0.26,Credit Card,,Accessories,In-store,Not Returned,UPS,,Low
210687,SKU_1205,Office Chair,13,08-01-2020 09:00,89.57,92943,Portugal,0.47,Credit Card,8.81,Apparel,Online,Not Returned,UPS,Rome,High
974371,SKU_1917,Backpack,31,08-01-2020 10:00,74.85,17169,France,0.01,Credit Card,9.29,Electronics,Online,Not Returned,Royal Mail,Paris,Medium
511357,SKU_1712,Wireless Mouse,4,08-01-2020 11:00,97.17,37427,Sweden,0.38,Credit Card,27.23,Furniture,Online,Not Returned,FedEx,Berlin,Low
835716,SKU_1750,Desk Lamp,16,08-01-2020 12:00,91.5,25077,France,0.33,paypall,10.81,Furniture,In-store,Not Returned,UPS,Berlin,Low
205878,SKU_1406,Notebook,40,08-01-2020 13:00,71.99,61731,Norway,0.2,Bank Transfer,8.09,Accessories,Online,Returned,FedEx,Rome,Low
827270,SKU_1938,White Mug,49,08-01-2020 14:00,2.23,44711,Spain,0.36,Credit Card,14.89,Stationery,In-store,Not Returned,DHL,London,High
298286,SKU_1579,Wireless Mouse,42,08-01-2020 15:00,19.62,46971,Netherlands,0.28,paypall,24.27,Electronics,In-store,Not Returned,Royal Mail,Paris,Medium
873290,SKU_1682,Wall Clock,22,08-01-2020 16:00,22.65,20383,United Kingdom,0.32,Credit Card,15.26,Accessories,In-store,Not Returned,FedEx,Amsterdam,Medium
874684,SKU_1921,Desk Lamp,30,08-01-2020 17:00,28.71,54324,Italy,0.1,Credit Card,18.43,Accessories,Online,Not Returned,Royal Mail,Paris,High
264899,SKU_1296,Backpack,16,08-01-2020 18:00,27.83,90909,United Kingdom,0.24,Bank Transfer,16.59,Stationery,In-store,Not Returned,UPS,Paris,Low
424767,SKU_1581,White Mug,4,08-01-2020 19:00,19.9,22909,Sweden,0.17,paypall,5.99,Electronics,In-store,Not Returned,UPS,Rome,Medium
961882,SKU_1798,Wall Clock,25,08-01-2020 20:00,49.1,58651,Germany,0.46,Bank Transfer,25.2,Electronics,In-store,Not Returned,UPS,Paris,Low
979858,SKU_1528,White Mug,39,08-01-2020 21:00,96.14,48100,Italy,0.1,Credit Card,25.18,Electronics,Online,Not Returned,Royal Mail,Berlin,Low
479989,SKU_1136,Headphones,42,08-01-2020 22:00,5.56,58025,Italy,0.29,Bank Transfer,7.77,Accessories,In-store,Not Returned,Royal Mail,Berlin,Medium
515515,SKU_1218,Backpack,45,08-01-2020 23:00,17.82,37608,Spain,0.42,paypall,26.82,Electronics,Online,Returned,FedEx,Rome,High
143585,SKU_1822,Wall Clock,48,09-01-2020 00:00,37.1,77521,Sweden,0.16,Bank Transfer,28.1,Electronics,In-store,Not Returned,UPS,Amsterdam,Medium
471369,SKU_1517,White Mug,23,09-01-2020 01:00,61.35,26697,United Kingdom,0.22,Credit Card,28.16,Electronics,Online,Not Returned,Royal Mail,Berlin,High
164044,SKU_1709,Office Chair,46,09-01-2020 02:00,14.32,81596,United States,0.19,paypall,11.89,Stationery,In-store,Not Returned,Royal Mail,Amsterdam,High
542296,SKU_1447,Headphones,45,09-01-2020 03:00,56.42,,Germany,0.42,Bank Transfer,25.27,Apparel,Online,Returned,UPS,Berlin,Medium
209556,SKU_1131,Headphones,2,09-01-2020 04:00,14.2,91737,United States,0.46,Bank Transfer,6.51,Furniture,Online,Not Returned,Royal Mail,London,High
626981,SKU_1362,Backpack,32,09-01-2020 05:00,21.19,47742,Australia,0.47,Bank Transfer,16.79,Furniture,Online,Not Returned,DHL,Rome,Low
981691,SKU_1962,Backpack,3,09-01-2020 06:00,2.73,,Portugal,0.09,Credit Card,17.4,Accessories,In-store,Not Returned,UPS,,High
867595,SKU_1343,White Mug,-2,09-01-2020 07:00,-96.08,,Portugal,1.702087569,Bank Transfer,,Accessories,Online,Not Returned,FedEx,,Low
300235,SKU_1695,T-shirt,8,09-01-2020 08:00,26.85,41093,Sweden,0.12,Bank Transfer,17.41,Electronics,In-store,Not Returned,DHL,Paris,Medium
125939,SKU_1017,USB Cable,39,09-01-2020 09:00,61.55,90478,Netherlands,0.27,Bank Transfer,26.19,Accessories,In-store,Not Returned,FedEx,Berlin,Low
252906,SKU_1415,Office Chair,4,09-01-2020 10:00,25.53,14917,Sweden,0.12,Credit Card,17.47,Furniture,Online,Not Returned,Royal Mail,Rome,Low
642335,SKU_1724,Notebook,27,09-01-2020 11:00,92.74,58567,Australia,0.45,Bank Transfer,26.28,Electronics,In-store,Not Returned,UPS,Berlin,Medium
388249,SKU_1559,Wireless Mouse,36,09-01-2020 12:00,5.48,39410,Italy,0.07,Bank Transfer,6.8,Furniture,Online,Not Returned,UPS,Paris,Low
175766,SKU_1540,T-shirt,48,09-01-2020 13:00,49.92,33164,Germany,0.15,paypall,5.24,Electronics,In-store,Returned,FedEx,Paris,Low
508923,SKU_1927,White Mug,48,09-01-2020 14:00,33.36,70633,Norway,0.41,paypall,24.94,Furniture,In-store,Not Returned,Royal Mail,Berlin,Low
515192,SKU_1152,Notebook,9,09-01-2020 15:00,37.21,82942,United States,0.33,Credit Card,10.93,Stationery,Online,Returned,FedEx,Berlin,Medium
668550,SKU_1331,Notebook,8,09-01-2020 16:00,11,92576,Netherlands,0.26,Credit Card,22.73,Furniture,In-store,Not Returned,DHL,Berlin,Low
487261,SKU_1749,Notebook,14,09-01-2020 17:00,39.81,87074,Italy,0.12,Bank Transfer,22.6,Stationery,Online,Not Returned,Royal Mail,London,Medium
910208,SKU_1318,USB Cable,49,09-01-2020 18:00,73.62,52179,United States,0.45,Credit Card,29.87,Electronics,Online,Not Returned,DHL,London,High
785440,SKU_1776,Wireless Mouse,38,09-01-2020 19:00,68.71,24634,United States,0.28,Bank Transfer,23.26,Stationery,Online,Not Returned,FedEx,Rome,High
752664,SKU_1198,Office Chair,3,09-01-2020 20:00,91.96,87303,United States,0.49,Credit Card,14.46,Apparel,In-store,Not Returned,FedEx,Berlin,Low
554589,SKU_1525,Headphones,45,09-01-2020 21:00,6.88,47080,Sweden,0.38,Bank Transfer,23.49,Stationery,Online,Not Returned,DHL,Rome,Low
237848,SKU_1787,Headphones,10,09-01-2020 22:00,90.41,17613,France,0.44,paypall,20.95,Accessories,Online,Not Returned,UPS,Paris,Medium
717075,SKU_1979,White Mug,33,09-01-2020 23:00,45.68,26578,Netherlands,0.48,paypall,13.9,Apparel,In-store,Not Returned,FedEx,London,Medium
227948,SKU_1009,Office Chair,18,10-01-2020 00:00,42.63,,United States,0.3,Credit Card,19.69,Stationery,In-store,Not Returned,UPS,Amsterdam,Low
679304,SKU_1138,T-shirt,38,10-01-2020 01:00,43.62,22601,Germany,0.28,Credit Card,23.87,Stationery,Online,Not Returned,DHL,Rome,Low
502690,SKU_1166,Backpack,27,10-01-2020 02:00,69.79,62939,Germany,0.31,Bank Transfer,22.87,Accessories,In-store,Not Returned,Royal Mail,Paris,Medium
599046,SKU_1146,White Mug,30,10-01-2020 03:00,45.35,65807,Belgium,0.24,Credit Card,26.7,Apparel,In-store,Not Returned,FedEx,Rome,Low
551269,SKU_1402,Backpack,10,10-01-2020 04:00,97.8,16090,Australia,0.27,Credit Card,9.03,Accessories,In-store,Not Returned,DHL,Amsterdam,Medium
121959,SKU_1756,Office Chair,40,10-01-2020 05:00,68.35,59504,Australia,0.2,Credit Card,10.7,Apparel,In-store,Not Returned,UPS,Paris,Medium
760890,SKU_1938,Desk Lamp,40,10-01-2020 06:00,60.98,45168,Belgium,0.33,Credit Card,22.52,Accessories,In-store,Not Returned,DHL,Berlin,Medium
850216,SKU_1444,Headphones,14,10-01-2020 07:00,16.59,27505,Germany,0.11,Bank Transfer,15.23,Furniture,In-store,Not Returned,DHL,Amsterdam,High
890180,SKU_1069,USB Cable,47,10-01-2020 08:00,24.55,73136,France,0.35,paypall,9.58,Electronics,In-store,Returned,FedEx,Amsterdam,High
328576,SKU_1327,Wall Clock,7,10-01-2020 09:00,68.38,,Netherlands,0.14,Credit Card,16.63,Electronics,Online,Not Returned,FedEx,Paris,Medium
637833,SKU_1832,Blue Pen,11,10-01-2020 10:00,38.46,96110,Portugal,0.06,Credit Card,11.19,Apparel,Online,Not Returned,DHL,Paris,Low
265838,SKU_1918,White Mug,31,10-01-2020 11:00,76.92,40269,France,0.31,Bank Transfer,27.18,Accessories,Online,Not Returned,FedEx,London,Medium
435674,SKU_1615,USB Cable,26,10-01-2020 12:00,43.43,43144,Norway,0.4,Credit Card,14.71,Stationery,In-store,Not Returned,UPS,Berlin,High
979989,SKU_1228,Wireless Mouse,22,10-01-2020 13:00,87.31,62769,Netherlands,0.19,Credit Card,14.6,Furniture,Online,Not Returned,UPS,Rome,Low
161087,SKU_1827,Office Chair,6,10-01-2020 14:00,60.02,58309,United Kingdom,0.27,Bank Transfer,15.49,Apparel,Online,Not Returned,FedEx,London,High
693128,SKU_1649,White Mug,20,10-01-2020 15:00,84.59,,Australia,0.49,paypall,22.17,Furniture,Online,Not Returned,FedEx,,Low
218451,SKU_1318,Wall Clock,43,10-01-2020 16:00,88.21,36263,Germany,0.19,Credit Card,15.59,Furniture,In-store,Not Returned,Royal Mail,Amsterdam,Low
547600,SKU_1897,White Mug,15,10-01-2020 17:00,33.59,28493,Germany,0.05,Credit Card,10.87,Furniture,Online,Not Returned,UPS,Paris,Low
937437,SKU_1035,T-shirt,29,10-01-2020 18:00,39.91,43644,Germany,0.1,Bank Transfer,10.42,Stationery,In-store,Not Returned,FedEx,Amsterdam,Low
539792,SKU_1629,Wall Clock,31,10-01-2020 19:00,72.68,17586,Germany,0.47,Bank Transfer,25.65,Apparel,Online,Not Returned,UPS,Berlin,High
139353,SKU_1254,Wireless Mouse,10,10-01-2020 20:00,13.14,97802,France,0.18,paypall,15.02,Electronics,In-store,Not Returned,DHL,Amsterdam,High
293075,SKU_1312,Office Chair,14,10-01-2020 21:00,15.27,32750,Belgium,0.36,Credit Card,13.18,Accessories,In-store,Not Returned,DHL,Amsterdam,Low
314283,SKU_1961,Blue Pen,9,10-01-2020 22:00,82.35,54903,Belgium,0.25,Credit Card,28.06,Accessories,Online,Not Returned,UPS,Paris,Medium
414877,SKU_1334,Desk Lamp,24,10-01-2020 23:00,2.27,57019,Italy,0.26,Credit Card,20.52,Electronics,In-store,Not Returned,FedEx,Rome,High
165318,SKU_1019,Headphones,37,11-01-2020 00:00,4.72,65646,Germany,0.07,paypall,27.76,Stationery,In-store,Not Returned,UPS,Paris,High
865313,SKU_1297,T-shirt,28,11-01-2020 01:00,57.98,40868,Belgium,0.09,Credit Card,24.25,Furniture,Online,Not Returned,DHL,Rome,Low
582690,SKU_1020,Wireless Mouse,19,11-01-2020 02:00,96.33,79860,Netherlands,0.14,paypall,26.75,Apparel,Online,Returned,FedEx,Rome,High
516880,SKU_1477,Wireless Mouse,29,11-01-2020 03:00,93.34,85820,France,0.1,Credit Card,27.69,Electronics,In-store,Not Returned,FedEx,London,High
691460,SKU_1767,T-shirt,20,11-01-2020 04:00,44.66,38192,Portugal,0.33,Credit Card,24.92,Apparel,Online,Returned,DHL,Berlin,Medium
840976,SKU_1759,T-shirt,15,11-01-2020 05:00,80.11,53285,France,0.26,paypall,29.05,Apparel,In-store,Not Returned,UPS,Rome,Medium
881239,SKU_1471,Office Chair,40,11-01-2020 06:00,69.95,84794,Australia,0.35,Credit Card,20.23,Furniture,Online,Not Returned,DHL,Rome,High
193264,SKU_1961,USB Cable,36,11-01-2020 07:00,80.56,16744,United States,0.13,Bank Transfer,19.72,Accessories,Online,Not Returned,DHL,Amsterdam,High
870746,SKU_1677,White Mug,32,11-01-2020 08:00,25.03,47216,Norway,0.04,Bank Transfer,14.01,Accessories,Online,Not Returned,UPS,Berlin,Low
913168,SKU_1469,Desk Lamp,20,11-01-2020 09:00,33.33,16844,Portugal,0.43,paypall,25.47,Apparel,In-store,Not Returned,UPS,Rome,High
325281,SKU_1348,USB Cable,21,11-01-2020 10:00,77.91,45122,Sweden,0.34,Credit Card,18.12,Accessories,Online,Not Returned,UPS,Amsterdam,Low
737147,SKU_1766,Office Chair,36,11-01-2020 11:00,28.07,59068,Germany,0.45,Bank Transfer,8.76,Furniture,Online,Not Returned,UPS,Berlin,Low
998613,SKU_1589,Office Chair,28,11-01-2020 12:00,76.03,29977,Spain,0.13,Bank Transfer,14.05,Electronics,In-store,Not Returned,DHL,Paris,Medium
494070,SKU_1964,Office Chair,38,11-01-2020 13:00,75.52,47079,United States,0.29,Bank Transfer,25.86,Furniture,Online,Not Returned,UPS,Rome,Low
452228,SKU_1791,Blue Pen,6,11-01-2020 14:00,76.69,44289,Italy,0.21,Credit Card,27.65,Furniture,Online,Not Returned,UPS,Amsterdam,Medium
531839,SKU_1793,Headphones,5,11-01-2020 15:00,44.21,98008,Belgium,0.29,Bank Transfer,11.91,Apparel,Online,Not Returned,UPS,London,Medium
369536,SKU_1385,Wall Clock,7,11-01-2020 16:00,20.07,76447,Norway,0.09,paypall,8.98,Furniture,Online,Not Returned,UPS,London,Medium
417824,SKU_1941,Backpack,45,11-01-2020 17:00,10.47,76764,Belgium,0.38,paypall,25.98,Stationery,In-store,Not Returned,FedEx,Paris,Low
357426,SKU_1876,White Mug,47,11-01-2020 18:00,20.21,80754,Portugal,0.03,paypall,21.81,Furniture,Online,Returned,UPS,London,Low
277789,SKU_1545,Blue Pen,24,11-01-2020 19:00,49.59,33675,Italy,0.37,paypall,7.11,Accessories,Online,Not Returned,Royal Mail,London,High
613153,SKU_1445,White Mug,35,11-01-2020 20:00,26.84,48451,Portugal,0.3,paypall,14.47,Stationery,In-store,Not Returned,Royal Mail,Berlin,Medium
842452,SKU_1982,Office Chair,29,11-01-2020 21:00,86.01,52913,Spain,0.09,Credit Card,7.07,Apparel,Online,Not Returned,UPS,Amsterdam,Medium
937291,SKU_1936,Wall Clock,-16,11-01-2020 22:00,-73.6,,Germany,1.535439956,Credit Card,,Electronics,Online,Not Returned,DHL,,Medium
225657,SKU_1098,USB Cable,14,11-01-2020 23:00,74.32,88985,Netherlands,0.38,Credit Card,28.76,Apparel,In-store,Not Returned,Royal Mail,Paris,Medium
335167,SKU_1654,Desk Lamp,35,12-01-2020 00:00,30.31,19125,Germany,0.08,Credit Card,6.06,Furniture,In-store,Not Returned,UPS,Rome,High
781669,SKU_1054,T-shirt,4,12-01-2020 01:00,47.54,11839,Spain,0.03,Bank Transfer,8.07,Accessories,In-store,Not Returned,DHL,Amsterdam,Low
580671,SKU_1002,Backpack,18,12-01-2020 02:00,63.78,17819,France,0.2,paypall,13.67,Apparel,Online,Not Returned,UPS,London,Low
819094,SKU_1331,Notebook,48,12-01-2020 03:00,44.99,40592,Portugal,0.15,paypall,7.98,Furniture,Online,Not Returned,FedEx,Amsterdam,Medium
170467,SKU_1933,Backpack,22,12-01-2020 04:00,79.66,71700,United Kingdom,0.3,Credit Card,6.7,Furniture,In-store,Not Returned,Royal Mail,Paris,Low
283734,SKU_1434,Notebook,40,12-01-2020 05:00,59.5,38593,United States,0.21,paypall,19.09,Stationery,In-store,Not Returned,Royal Mail,Berlin,Medium
722794,SKU_1912,Wireless Mouse,30,12-01-2020 06:00,60.15,13471,Italy,0.36,Bank Transfer,15.3,Accessories,In-store,Not Returned,DHL,London,Medium
209751,SKU_1485,T-shirt,42,12-01-2020 07:00,6.7,21894,Portugal,0.19,Bank Transfer,17.74,Apparel,In-store,Not Returned,DHL,Rome,Medium
481050,SKU_1218,Backpack,43,12-01-2020 08:00,79.64,24920,Germany,0.45,Credit Card,27.67,Furniture,Online,Not Returned,FedEx,London,High
911774,SKU_1210,Headphones,15,12-01-2020 09:00,13.24,,Norway,0.39,Bank Transfer,29.7,Furniture,In-store,Returned,DHL,,Medium
792517,SKU_1816,Desk Lamp,43,12-01-2020 10:00,20.85,97126,Netherlands,0.3,Bank Transfer,27.64,Apparel,In-store,Not Returned,FedEx,Paris,High
561079,SKU_1495,Notebook,9,12-01-2020 11:00,12.69,75015,United Kingdom,0.16,paypall,10.64,Stationery,In-store,Not Returned,DHL,London,Low
468452,SKU_1660,Desk Lamp,20,12-01-2020 12:00,83.7,38443,Italy,0.45,Credit Card,29.97,Apparel,In-store,Not Returned,Royal Mail,Rome,Low
206081,SKU_1231,T-shirt,4,12-01-2020 13:00,88.55,,Norway,0.35,Credit Card,28.5,Accessories,Online,Not Returned,DHL,,High
713333,SKU_1599,Backpack,1,12-01-2020 14:00,97.76,99931,Norway,0.4,Bank Transfer,29.28,Stationery,In-store,Not Returned,Royal Mail,Rome,Low
658986,SKU_1919,USB Cable,18,12-01-2020 15:00,17.39,97451,Spain,0.41,paypall,22.2,Stationery,Online,Returned,FedEx,Paris,High
210078,SKU_1722,Desk Lamp,4,12-01-2020 16:00,85.16,90190,Portugal,0.19,paypall,26.56,Accessories,In-store,Not Returned,UPS,Rome,Low
967055,SKU_1734,Wall Clock,28,12-01-2020 17:00,58.6,10577,Spain,0.21,Credit Card,12.7,Stationery,Online,Not Returned,Royal Mail,Berlin,Low
122671,SKU_1807,Wall Clock,7,12-01-2020 18:00,90.33,87209,France,0.15,Bank Transfer,15.55,Furniture,Online,Returned,UPS,London,Low
518400,SKU_1147,Desk Lamp,14,12-01-2020 19:00,29.94,67413,Sweden,0.05,paypall,18.71,Furniture,In-store,Not Returned,Royal Mail,Amsterdam,High
455528,SKU_1206,Blue Pen,40,12-01-2020 20:00,28.45,38196,Sweden,0.38,paypall,27.06,Apparel,In-store,Not Returned,FedEx,Berlin,Medium
710490,SKU_1359,Office Chair,38,12-01-2020 21:00,80.74,59477,Germany,0.04,paypall,24.53,Furniture,Online,Not Returned,DHL,Amsterdam,High
151663,SKU_1418,Wireless Mouse,17,12-01-2020 22:00,25.52,63558,Australia,0.06,paypall,15.36,Accessories,In-store,Not Returned,DHL,Paris,Medium
115708,SKU_1943,USB Cable,39,12-01-2020 23:00,8.17,16586,United Kingdom,0.46,Bank Transfer,7.32,Accessories,In-store,Not Returned,UPS,London,High
978338,SKU_1738,White Mug,6,13-01-2020 00:00,44.62,73585,United States,0.19,Credit Card,11.54,Furniture,In-store,Not Returned,FedEx,London,Medium
411955,SKU_1416,Notebook,26,13-01-2020 01:00,60.87,14482,United States,0.49,paypall,29.8,Apparel,In-store,Not Returned,Royal Mail,London,Low
233883,SKU_1871,T-shirt,41,13-01-2020 02:00,70.95,54005,Italy,0.35,Bank Transfer,19.59,Accessories,In-store,Not Returned,DHL,Berlin,Low
418394,SKU_1695,Wall Clock,4,13-01-2020 03:00,14.99,79598,United Kingdom,0.33,paypall,5.17,Electronics,Online,Returned,Royal Mail,Rome,High
212547,SKU_1552,Wall Clock,-26,13-01-2020 04:00,-51.94,,Norway,1.523467184,Credit Card,,Stationery,In-store,Not Returned,FedEx,,High
659042,SKU_1181,Blue Pen,13,13-01-2020 05:00,34,65625,Belgium,0.23,paypall,6.96,Electronics,In-store,Returned,FedEx,Rome,High
851102,SKU_1555,USB Cable,34,13-01-2020 06:00,45.44,91270,Belgium,0.12,paypall,20.06,Stationery,Online,Not Returned,FedEx,Amsterdam,Low
862002,SKU_1209,Wall Clock,46,13-01-2020 07:00,10.52,74368,United Kingdom,0.32,Bank Transfer,5.84,Electronics,In-store,Not Returned,Royal Mail,Berlin,High
242483,SKU_1848,T-shirt,18,13-01-2020 08:00,74.28,32743,United Kingdom,0.1,paypall,20.97,Furniture,In-store,Not Returned,FedEx,London,High
758271,SKU_1967,Blue Pen,24,13-01-2020 09:00,64.47,,Germany,0.45,Bank Transfer,10.03,Furniture,In-store,Not Returned,Royal Mail,Paris,High
314835,SKU_1249,Wireless Mouse,30,13-01-2020 10:00,53.55,30420,United Kingdom,0.25,Credit Card,19.88,Stationery,Online,Not Returned,UPS,Berlin,Low
501896,SKU_1511,Wall Clock,10,13-01-2020 11:00,18.87,92574,United Kingdom,0.31,Bank Transfer,9.06,Accessories,In-store,Not Returned,Royal Mail,Amsterdam,Medium
184896,SKU_1595,Office Chair,2,13-01-2020 12:00,18.11,87362,Australia,0.31,paypall,9.28,Apparel,Online,Not Returned,UPS,Amsterdam,Medium
577095,SKU_1138,White Mug,43,13-01-2020 13:00,20.93,78561,Sweden,0.22,Credit Card,6.02,Accessories,Online,Not Returned,FedEx,London,High
171295,SKU_1989,Desk Lamp,29,13-01-2020 14:00,78.99,95846,France,0.31,Credit Card,23.75,Furniture,In-store,Not Returned,FedEx,Amsterdam,Medium
843974,SKU_1986,Office Chair,1,13-01-2020 15:00,36.68,19976,Sweden,0.13,paypall,16.97,Furniture,Online,Not Returned,FedEx,Paris,Medium
987121,SKU_1230,USB Cable,17,13-01-2020 16:00,38.12,14626,Portugal,0.43,paypall,17.87,Accessories,In-store,Not Returned,DHL,Paris,Medium
373255,SKU_1909,Headphones,22,13-01-2020 17:00,36.17,66940,Portugal,0.3,Bank Transfer,23.22,Electronics,Online,Not Returned,DHL,Paris,High
399648,SKU_1937,USB Cable,26,13-01-2020 18:00,13.63,13846,Portugal,0.36,paypall,21.17,Accessories,Online,Not Returned,Royal Mail,Rome,High
757162,SKU_1974,Wireless Mouse,10,13-01-2020 19:00,85.27,34037,Portugal,0.21,Bank Transfer,9.91,Apparel,In-store,Not Returned,FedEx,Berlin,Medium
108155,SKU_1011,Headphones,8,13-01-2020 20:00,57.33,27902,Sweden,0.43,paypall,11.85,Accessories,Online,Not Returned,FedEx,Berlin,Medium
566872,SKU_1979,Office Chair,20,13-01-2020 21:00,99.49,66028,Spain,0.43,Bank Transfer,26.86,Electronics,In-store,Not Returned,FedEx,Paris,Medium
925816,SKU_1272,Notebook,22,13-01-2020 22:00,52.22,67413,Sweden,0.28,paypall,16.02,Apparel,In-store,Not Returned,UPS,London,Medium
474705,SKU_1487,Backpack,48,13-01-2020 23:00,69.23,83358,Italy,0.06,Bank Transfer,5.61,Stationery,Online,Not Returned,UPS,Berlin,High
671542,SKU_1089,White Mug,24,14-01-2020 00:00,81.18,22155,Belgium,0.28,Bank Transfer,21.57,Stationery,In-store,Not Returned,DHL,Paris,Medium
908350,SKU_1973,Wall Clock,22,14-01-2020 01:00,81.86,21037,Italy,0.22,Credit Card,8.31,Accessories,Online,Not Returned,Royal Mail,Rome,High
710269,SKU_1024,Wireless Mouse,-11,14-01-2020 02:00,-44.4,,Germany,1.647753887,Bank Transfer,,Apparel,Online,Not Returned,UPS,,Low
654594,SKU_1537,Office Chair,49,14-01-2020 03:00,38.66,45422,Australia,0.24,paypall,6.78,Stationery,Online,Not Returned,Royal Mail,Paris,Medium
247718,SKU_1942,White Mug,28,14-01-2020 04:00,15.63,31772,France,0.38,paypall,18.47,Furniture,Online,Not Returned,FedEx,Rome,Low
408987,SKU_1664,Desk Lamp,2,14-01-2020 05:00,77.17,48088,Italy,0.39,Credit Card,19.29,Apparel,In-store,Not Returned,UPS,Rome,Low
745263,SKU_1984,Backpack,42,14-01-2020 06:00,62.97,23492,Portugal,0.07,paypall,18.43,Electronics,Online,Not Returned,DHL,Amsterdam,Medium
458745,SKU_1571,Wall Clock,37,14-01-2020 07:00,17.88,98641,United States,0.32,Credit Card,6.31,Accessories,In-store,Not Returned,DHL,London,High
207512,SKU_1059,USB Cable,4,14-01-2020 08:00,50.17,41490,Germany,0.1,Credit Card,6.11,Apparel,Online,Not Returned,Royal Mail,Amsterdam,High
247443,SKU_1794,Wireless Mouse,37,14-01-2020 09:00,57.41,83955,Italy,0.1,paypall,13.55,Accessories,In-store,Not Returned,Royal Mail,Rome,Medium
570587,SKU_1170,Wireless Mouse,21,14-01-2020 10:00,86.65,,Netherlands,0.04,Bank Transfer,28.08,Apparel,Online,Not Returned,Royal Mail,,High
473616,SKU_1587,Notebook,26,14-01-2020 11:00,9.52,79693,Spain,0.25,Bank Transfer,19.67,Furniture,Online,Not Returned,FedEx,Amsterdam,Low
757409,SKU_1787,Backpack,15,14-01-2020 12:00,17.02,48867,Netherlands,0.26,paypall,21.73,Accessories,Online,Not Returned,Royal Mail,Paris,Medium
786976,SKU_1446,White Mug,35,14-01-2020 13:00,53.85,40737,United Kingdom,0.29,paypall,10.35,Electronics,Online,Not Returned,DHL,London,High
465871,SKU_1719,T-shirt,47,14-01-2020 14:00,5.53,87950,Norway,0.11,Credit Card,20.94,Accessories,In-store,Not Returned,FedEx,Rome,Low
475037,SKU_1920,Backpack,15,14-01-2020 15:00,38.97,70628,Australia,0.38,paypall,19.72,Accessories,In-store,Not Returned,FedEx,Rome,Medium
907364,SKU_1666,Wireless Mouse,22,14-01-2020 16:00,2.56,52162,Portugal,0.11,Credit Card,17.85,Electronics,Online,Not Returned,DHL,London,Medium
217796,SKU_1691,USB Cable,1,14-01-2020 17:00,26.49,58638,United Kingdom,0.34,paypall,23.13,Furniture,In-store,Not Returned,UPS,Rome,High
391999,SKU_1593,Office Chair,-18,14-01-2020 18:00,16.98,,Australia,0.21,paypall,,Apparel,Online,Not Returned,Royal Mail,,Medium
292506,SKU_1009,White Mug,10,14-01-2020 19:00,29.31,98299,Australia,0.07,paypall,7.77,Accessories,Online,Not Returned,Royal Mail,Berlin,Low
798376,SKU_1242,Blue Pen,-38,14-01-2020 20:00,-76.95,,Sweden,0.35,paypall,,Apparel,In-store,Not Returned,UPS,,Low
369544,SKU_1177,White Mug,48,14-01-2020 21:00,35.38,92841,France,0.06,Bank Transfer,27.56,Electronics,Online,Returned,UPS,London,High
480002,SKU_1797,USB Cable,1,14-01-2020 22:00,89.37,33323,Norway,0.13,paypall,8,Stationery,Online,Not Returned,FedEx,Berlin,High
798002,SKU_1256,T-shirt,12,14-01-2020 23:00,28.41,81681,United States,0.08,Bank Transfer,11.15,Electronics,Online,Not Returned,Royal Mail,Berlin,Low
639439,SKU_1309,Office Chair,41,15-01-2020 00:00,13.71,26855,Netherlands,0.22,Credit Card,15.81,Furniture,Online,Not Returned,UPS,Rome,High
690978,SKU_1515,T-shirt,24,15-01-2020 01:00,6.94,69249,Spain,0.38,Bank Transfer,9.97,Furniture,Online,Not Returned,DHL,Amsterdam,Medium
628787,SKU_1214,Office Chair,26,15-01-2020 02:00,99.22,73669,United States,0.19,paypall,14.37,Electronics,Online,Not Returned,DHL,Paris,Low
630583,SKU_1902,Wireless Mouse,43,15-01-2020 03:00,10.51,88420,Netherlands,0.16,Bank Transfer,15.78,Accessories,In-store,Not Returned,Royal Mail,Berlin,High
488215,SKU_1029,Desk Lamp,2,15-01-2020 04:00,36.79,26750,United States,0.27,paypall,6.59,Electronics,In-store,Not Returned,UPS,Amsterdam,Low
421184,SKU_1345,Wall Clock,-39,15-01-2020 05:00,84.86,,Sweden,0.28,Bank Transfer,,Electronics,In-store,Not Returned,Royal Mail,,High
898615,SKU_1064,T-shirt,19,15-01-2020 06:00,23.45,65931,Italy,0.46,Bank Transfer,17.12,Electronics,Online,Not Returned,DHL,Rome,Low
522515,SKU_1635,Wall Clock,25,15-01-2020 07:00,7.42,,United States,0.1,Bank Transfer,8.87,Electronics,In-store,Not Returned,DHL,Amsterdam,Low
768234,SKU_1796,Blue Pen,39,15-01-2020 08:00,54.62,67364,Spain,0.21,Bank Transfer,24.93,Furniture,In-store,Not Returned,Royal Mail,Berlin,High
478480,SKU_1152,Backpack,1,15-01-2020 09:00,4.46,60315,Netherlands,0.08,paypall,28.32,Apparel,Online,Not Returned,DHL,Rome,Medium
132711,SKU_1039,Notebook,31,15-01-2020 10:00,72.24,65709,Portugal,0.1,Credit Card,5.83,Stationery,Online,Not Returned,DHL,Amsterdam,Low
891971,SKU_1025,White Mug,4,15-01-2020 11:00,60.43,37566,Portugal,0.11,paypall,15.94,Electronics,In-store,Not Returned,DHL,Rome,Medium
601157,SKU_1272,USB Cable,3,15-01-2020 12:00,23.94,69513,Spain,0.24,Credit Card,19.59,Apparel,Online,Not Returned,Royal Mail,Rome,Medium
284423,SKU_1158,Wall Clock,36,15-01-2020 13:00,49.64,74102,Norway,0.42,Bank Transfer,16.39,Furniture,Online,Not Returned,Royal Mail,London,Medium
616349,SKU_1700,Headphones,11,15-01-2020 14:00,1.66,71174,Germany,0.49,Credit Card,27.35,Furniture,In-store,Not Returned,FedEx,Paris,High
803714,SKU_1775,Backpack,19,15-01-2020 15:00,54.66,,United States,0.47,paypall,21.01,Electronics,Online,Not Returned,DHL,,Low
757917,SKU_1580,Headphones,9,15-01-2020 16:00,77.72,46821,Spain,0.29,Credit Card,8.88,Stationery,Online,Not Returned,UPS,Rome,Low
924792,SKU_1000,T-shirt,42,15-01-2020 17:00,6.77,66163,Italy,0.43,paypall,29.15,Accessories,Online,Not Returned,DHL,Amsterdam,Low
837378,SKU_1078,Backpack,41,15-01-2020 18:00,23.32,,Spain,0.26,paypall,22.68,Apparel,Online,Not Returned,UPS,Paris,High
233272,SKU_1227,Wall Clock,20,15-01-2020 19:00,62.74,72075,Germany,0.3,paypall,6.09,Furniture,Online,Not Returned,UPS,Rome,High
867836,SKU_1326,T-shirt,9,15-01-2020 20:00,5.75,77866,Norway,0.21,Bank Transfer,25.84,Apparel,Online,Not Returned,DHL,Paris,High
802335,SKU_1557,Desk Lamp,18,15-01-2020 21:00,81.72,74524,Australia,0.02,Bank Transfer,18.38,Accessories,Online,Returned,Royal Mail,Rome,Medium
907789,SKU_1619,Backpack,45,15-01-2020 22:00,33.12,91141,Sweden,0.38,paypall,23.83,Stationery,Online,Returned,FedEx,Berlin,High
743409,SKU_1500,Blue Pen,36,15-01-2020 23:00,21.89,91317,Australia,0.3,Bank Transfer,25.23,Furniture,In-store,Not Returned,Royal Mail,Rome,Low
177505,SKU_1474,Wall Clock,42,16-01-2020 00:00,85.33,96672,Australia,0.45,Bank Transfer,11.36,Stationery,Online,Not Returned,FedEx,Paris,High
102869,SKU_1354,Backpack,32,16-01-2020 01:00,65.78,37314,Belgium,0.04,Bank Transfer,28.56,Electronics,In-store,Not Returned,UPS,Amsterdam,Medium
881474,SKU_1123,Desk Lamp,4,16-01-2020 02:00,89.98,55419,United Kingdom,0.11,paypall,18.79,Accessories,Online,Not Returned,DHL,Berlin,Medium
554351,SKU_1986,Desk Lamp,30,16-01-2020 03:00,39.67,58164,United Kingdom,0.42,Bank Transfer,25.2,Accessories,Online,Not Returned,Royal Mail,London,Low
412252,SKU_1659,Headphones,11,16-01-2020 04:00,98,72205,Netherlands,0.5,Credit Card,28.98,Stationery,In-store,Not Returned,FedEx,Rome,Medium
736584,SKU_1977,T-shirt,42,16-01-2020 05:00,95.54,21909,United States,0.46,Bank Transfer,28.49,Electronics,In-store,Not Returned,FedEx,Berlin,High
718467,SKU_1423,Notebook,19,16-01-2020 06:00,57.43,48484,France,0.43,paypall,10.65,Electronics,Online,Not Returned,DHL,Berlin,Medium
190272,SKU_1251,Wireless Mouse,18,16-01-2020 07:00,73.03,41488,Australia,0.49,Bank Transfer,10.65,Stationery,Online,Not Returned,DHL,Paris,High
138467,SKU_1513,Wireless Mouse,45,16-01-2020 08:00,37.86,52544,Italy,0.1,Bank Transfer,9.98,Furniture,Online,Not Returned,UPS,Rome,Medium
909760,SKU_1733,Wall Clock,5,16-01-2020 09:00,6.75,20294,United States,0.31,Credit Card,7.78,Accessories,In-store,Not Returned,DHL,Berlin,Low
977844,SKU_1700,Wireless Mouse,43,16-01-2020 10:00,33.67,68841,Australia,0.37,paypall,5.69,Accessories,Online,Not Returned,DHL,Amsterdam,Medium
580047,SKU_1506,Headphones,38,16-01-2020 11:00,26.46,28476,Portugal,0.19,paypall,27.54,Accessories,Online,Not Returned,UPS,Rome,Medium
759347,SKU_1485,T-shirt,19,16-01-2020 12:00,14.31,22500,Germany,0.25,Bank Transfer,7.87,Apparel,Online,Not Returned,FedEx,Rome,Low
158871,SKU_1477,Notebook,20,16-01-2020 13:00,49.04,,Belgium,0.04,paypall,22.13,Electronics,In-store,Not Returned,FedEx,,High
228391,SKU_1582,Notebook,2,16-01-2020 14:00,93.45,53078,Portugal,0.2,Credit Card,9.68,Accessories,In-store,Not Returned,FedEx,London,Low
539430,SKU_1870,Notebook,19,16-01-2020 15:00,88.51,35264,Germany,0.48,Credit Card,26.57,Apparel,In-store,Not Returned,UPS,Rome,Low
710704,SKU_1332,Blue Pen,37,16-01-2020 16:00,28.9,78193,Germany,0.17,Credit Card,13.69,Stationery,In-store,Not Returned,Royal Mail,Berlin,Medium
956703,SKU_1608,Wireless Mouse,43,16-01-2020 17:00,99.98,87325,Germany,0.08,paypall,25.28,Stationery,In-store,Returned,Royal Mail,Amsterdam,Medium
930496,SKU_1231,White Mug,11,16-01-2020 18:00,91.13,67790,Portugal,0.45,Credit Card,29.4,Apparel,Online,Not Returned,DHL,Amsterdam,High
356687,SKU_1541,Wireless Mouse,13,16-01-2020 19:00,10.29,96397,Netherlands,0.05,paypall,12.01,Apparel,Online,Not Returned,FedEx,London,Low
825451,SKU_1029,Backpack,20,16-01-2020 20:00,25.01,41399,Portugal,0.1,Bank Transfer,7.52,Electronics,In-store,Not Returned,Royal Mail,London,High
207450,SKU_1726,Wireless Mouse,42,16-01-2020 21:00,33.58,20893,Portugal,0.49,Bank Transfer,27.09,Electronics,Online,Not Returned,FedEx,London,High
271890,SKU_1172,Blue Pen,42,16-01-2020 22:00,23.12,27279,Australia,0.34,paypall,19.39,Furniture,In-store,Not Returned,DHL,Paris,Medium
538741,SKU_1791,Headphones,2,16-01-2020 23:00,14.96,65524,Australia,0.17,Credit Card,17.25,Accessories,Online,Not Returned,Royal Mail,Berlin,High
381974,SKU_1467,Notebook,9,17-01-2020 00:00,40.76,96502,Sweden,0.33,Credit Card,10.95,Apparel,In-store,Not Returned,UPS,Paris,High
500109,SKU_1475,Office Chair,45,17-01-2020 01:00,59.5,,Spain,0.38,paypall,15.3,Apparel,Online,Returned,DHL,,High
216381,SKU_1951,USB Cable,7,17-01-2020 02:00,76.65,19655,Norway,0.13,Credit Card,26.96,Furniture,In-store,Not Returned,FedEx,Paris,High
573125,SKU_1722,Backpack,4,17-01-2020 03:00,89.81,79290,Netherlands,0.31,Bank Transfer,20.4,Apparel,In-store,Not Returned,UPS,London,High
671621,SKU_1316,Wireless Mouse,48,17-01-2020 04:00,38.07,73119,Norway,0.37,paypall,19.41,Stationery,In-store,Not Returned,UPS,Berlin,Medium
234508,SKU_1396,White Mug,2,17-01-2020 05:00,63.59,34992,United States,0.03,paypall,5.6,Accessories,In-store,Returned,FedEx,Berlin,Low
829650,SKU_1124,Blue Pen,23,17-01-2020 06:00,48.11,21572,United States,0.36,Credit Card,13.09,Electronics,In-store,Not Returned,FedEx,Rome,Low
962645,SKU_1079,Backpack,1,17-01-2020 07:00,70.03,58975,Norway,0.42,Credit Card,27.41,Accessories,Online,Not Returned,DHL,Paris,Low
499111,SKU_1695,Wireless Mouse,49,17-01-2020 08:00,73.46,71315,United Kingdom,0.27,Bank Transfer,26.14,Electronics,In-store,Not Returned,FedEx,Amsterdam,Medium
250810,SKU_1526,White Mug,5,17-01-2020 09:00,2.78,82707,Italy,0.45,Bank Transfer,19.54,Stationery,Online,Returned,Royal Mail,Amsterdam,Medium
392890,SKU_1522,Office Chair,32,17-01-2020 10:00,69.65,36996,Belgium,0.18,Credit Card,8.28,Furniture,In-store,Not Returned,UPS,Rome,Medium
673665,SKU_1395,Backpack,19,17-01-2020 11:00,5.92,70348,Australia,0.48,Bank Transfer,27.23,Stationery,Online,Not Returned,FedEx,London,High
940477,SKU_1853,Blue Pen,31,17-01-2020 12:00,23.43,10600,France,0.31,Bank Transfer,21.54,Accessories,Online,Not Returned,DHL,London,Medium
460032,SKU_1088,Wall Clock,4,17-01-2020 13:00,29.77,83954,Portugal,0.33,Credit Card,28.88,Furniture,Online,Not Returned,UPS,Berlin,High
469599,SKU_1002,Desk Lamp,7,17-01-2020 14:00,60.7,74799,United States,0.46,paypall,27.71,Stationery,Online,Not Returned,FedEx,Amsterdam,High
760960,SKU_1535,Notebook,-15,17-01-2020 15:00,27.3,,Sweden,0.41,paypall,,Accessories,In-store,Returned,FedEx,,Low
850020,SKU_1600,White Mug,33,17-01-2020 16:00,48.31,98183,United Kingdom,0.46,paypall,17.82,Stationery,In-store,Not Returned,DHL,Amsterdam,High
979611,SKU_1520,Headphones,6,17-01-2020 17:00,60.25,79470,Netherlands,0.45,Credit Card,17.49,Apparel,Online,Not Returned,UPS,Paris,Medium
271836,SKU_1987,Office Chair,34,17-01-2020 18:00,96.47,72229,Norway,0.24,Bank Transfer,10.87,Furniture,Online,Not Returned,DHL,Berlin,High
829903,SKU_1557,USB Cable,15,17-01-2020 19:00,65,44602,United States,0.32,Bank Transfer,12.74,Furniture,In-store,Not Returned,FedEx,Amsterdam,Medium
145714,SKU_1605,Headphones,28,17-01-2020 20:00,71.78,66936,Sweden,0.02,paypall,29.01,Apparel,Online,Not Returned,DHL,London,Medium
727234,SKU_1070,Notebook,16,17-01-2020 21:00,35.23,56701,Portugal,0.08,Bank Transfer,6.34,Accessories,Online,Not Returned,Royal Mail,Berlin,High
996048,SKU_1699,Wireless Mouse,21,17-01-2020 22:00,43.84,52260,Australia,0.33,Bank Transfer,26.21,Furniture,Online,Not Returned,Royal Mail,Amsterdam,Medium
730271,SKU_1138,Notebook,22,17-01-2020 23:00,14.4,,France,0.21,Bank Transfer,22.87,Accessories,In-store,Not Returned,UPS,Berlin,Low
566960,SKU_1009,T-shirt,33,18-01-2020 00:00,34.78,51426,United States,0.38,paypall,6.79,Furniture,Online,Not Returned,UPS,Paris,High
811851,SKU_1514,White Mug,35,18-01-2020 01:00,8.58,61025,Belgium,0.11,Credit Card,16.74,Electronics,Online,Not Returned,DHL,Rome,Medium
224123,SKU_1530,Blue Pen,25,18-01-2020 02:00,37.79,87892,United States,0.24,Credit Card,14.02,Electronics,Online,Not Returned,DHL,Berlin,High
405628,SKU_1129,White Mug,40,18-01-2020 03:00,73.8,12606,Spain,0.33,Bank Transfer,16.38,Apparel,Online,Not Returned,UPS,Paris,High
182989,SKU_1400,Wall Clock,26,18-01-2020 04:00,70.16,19601,Portugal,0.29,paypall,16.03,Electronics,Online,Not Returned,UPS,Berlin,Medium
398356,SKU_1220,Blue Pen,19,18-01-2020 05:00,57.33,48865,Italy,0.17,Credit Card,14.33,Electronics,Online,Not Returned,FedEx,Rome,Low
929957,SKU_1641,T-shirt,20,18-01-2020 06:00,48.45,87631,Spain,0.15,paypall,10.62,Accessories,Online,Not Returned,Royal Mail,London,Medium
278274,SKU_1436,Wireless Mouse,30,18-01-2020 07:00,82.62,76959,United Kingdom,0.01,Credit Card,23.83,Furniture,In-store,Not Returned,UPS,Berlin,Low
787995,SKU_1399,USB Cable,-32,18-01-2020 08:00,-98.61,,France,1.580777045,Bank Transfer,,Accessories,Online,Not Returned,UPS,,High
425352,SKU_1112,Backpack,47,18-01-2020 09:00,99.29,71707,Norway,0.01,Credit Card,29.26,Electronics,In-store,Not Returned,Royal Mail,London,Low
920260,SKU_1649,Wall Clock,36,18-01-2020 10:00,2.78,40761,United Kingdom,0.13,Credit Card,26.77,Stationery,In-store,Not Returned,DHL,London,Low
511927,SKU_1451,Office Chair,20,18-01-2020 11:00,11.79,,Netherlands,0.44,paypall,7.49,Apparel,In-store,Not Returned,DHL,Rome,Medium
889852,SKU_1554,Wall Clock,41,18-01-2020 12:00,36.66,55598,United Kingdom,0,Credit Card,15.4,Accessories,Online,Not Returned,Royal Mail,Rome,Medium
983184,SKU_1217,Headphones,45,18-01-2020 13:00,63.79,34714,United States,0.15,Bank Transfer,24.98,Electronics,Online,Not Returned,Royal Mail,Amsterdam,Medium
231373,SKU_1057,T-shirt,22,18-01-2020 14:00,63.28,41674,Sweden,0.23,Credit Card,23.39,Stationery,In-store,Not Returned,FedEx,London,High
538452,SKU_1112,Headphones,37,18-01-2020 15:00,86.73,96532,United States,0.34,Bank Transfer,20.53,Electronics,Online,Not Returned,FedEx,Paris,Medium
215294,SKU_1699,White Mug,27,18-01-2020 16:00,54.06,31323,Norway,0.23,Bank Transfer,13.61,Electronics,Online,Not Returned,DHL,Rome,Medium
559451,SKU_1121,USB Cable,32,18-01-2020 17:00,25.41,90490,Australia,0.36,Bank Transfer,18.24,Electronics,In-store,Not Returned,UPS,Paris,High
748307,SKU_1407,Wall Clock,46,18-01-2020 18:00,15.65,99093,Germany,0.22,paypall,20.66,Apparel,In-store,Returned,DHL,Rome,Low
165726,SKU_1459,USB Cable,22,18-01-2020 19:00,50.02,75119,United Kingdom,0.37,Bank Transfer,7.45,Stationery,In-store,Not Returned,DHL,Berlin,High
241564,SKU_1084,USB Cable,8,18-01-2020 20:00,97.94,,Italy,0.11,Credit Card,9.64,Accessories,In-store,Returned,DHL,,High
477812,SKU_1617,Wireless Mouse,12,18-01-2020 21:00,60.08,,France,0.09,Bank Transfer,7.12,Apparel,Online,Returned,Royal Mail,,Low
368246,SKU_1399,White Mug,25,18-01-2020 22:00,9.67,35393,Spain,0.05,Credit Card,8.52,Electronics,Online,Returned,DHL,Rome,Low
805696,SKU_1355,Backpack,18,18-01-2020 23:00,5.62,54746,Netherlands,0.27,paypall,29.57,Electronics,In-store,Returned,UPS,Rome,Low
218015,SKU_1098,T-shirt,1,19-01-2020 00:00,70.12,93701,Portugal,0.08,Credit Card,22.67,Electronics,Online,Not Returned,DHL,Paris,Low
840674,SKU_1520,Backpack,32,19-01-2020 01:00,70.58,47414,Sweden,0.05,paypall,29.65,Stationery,In-store,Not Returned,Royal Mail,Berlin,High
354079,SKU_1517,Backpack,46,19-01-2020 02:00,60.27,42667,Germany,0.32,paypall,11.21,Furniture,In-store,Not Returned,DHL,Amsterdam,Medium
650929,SKU_1107,Blue Pen,2,19-01-2020 03:00,71.03,34484,Germany,0.09,Bank Transfer,10.09,Stationery,In-store,Not Returned,FedEx,Amsterdam,Low
789944,SKU_1960,Wireless Mouse,36,19-01-2020 04:00,26.85,45161,Netherlands,0.25,Bank Transfer,23.51,Electronics,Online,Returned,FedEx,London,High
788105,SKU_1973,Wall Clock,46,19-01-2020 05:00,46.85,85184,Spain,0.22,Credit Card,24.77,Stationery,Online,Not Returned,Royal Mail,Amsterdam,Medium
613758,SKU_1151,T-shirt,22,19-01-2020 06:00,55.49,95395,France,0.21,Credit Card,25.58,Apparel,Online,Not Returned,DHL,London,Medium
465890,SKU_1905,Notebook,16,19-01-2020 07:00,10.26,82809,Norway,0.08,Bank Transfer,29.4,Electronics,In-store,Not Returned,Royal Mail,Paris,High
545101,SKU_1849,Office Chair,48,19-01-2020 08:00,93.11,11810,Norway,0.23,Credit Card,9.65,Stationery,In-store,Not Returned,Royal Mail,Paris,Medium
136631,SKU_1748,Wall Clock,28,19-01-2020 09:00,69.36,,Netherlands,0.48,paypall,27.99,Stationery,Online,Not Returned,FedEx,Paris,High
866577,SKU_1968,Office Chair,48,19-01-2020 10:00,87.15,60042,Portugal,0.4,paypall,16.42,Accessories,In-store,Not Returned,DHL,London,Medium
172991,SKU_1026,Blue Pen,36,19-01-2020 11:00,13.43,28224,Portugal,0.02,Credit Card,19.32,Electronics,Online,Returned,Royal Mail,Rome,Medium
104014,SKU_1118,Desk Lamp,16,19-01-2020 12:00,46.69,10690,United States,0.07,Credit Card,27.86,Accessories,In-store,Not Returned,FedEx,Paris,High
373237,SKU_1722,Wall Clock,35,19-01-2020 13:00,83.56,33890,United Kingdom,0.09,Bank Transfer,13.83,Electronics,Online,Not Returned,Royal Mail,Paris,Low
118070,SKU_1099,Wall Clock,33,19-01-2020 14:00,71.8,64645,Netherlands,0.04,Credit Card,27.06,Accessories,Online,Not Returned,DHL,London,Low
922209,SKU_1002,Headphones,25,19-01-2020 15:00,58.22,22664,Germany,0.33,paypall,17.18,Furniture,In-store,Returned,Royal Mail,Amsterdam,Medium
156958,SKU_1805,Office Chair,39,19-01-2020 16:00,2.24,75974,Italy,0.02,paypall,13.49,Apparel,In-store,Not Returned,UPS,Rome,High
182074,SKU_1968,Backpack,12,19-01-2020 17:00,55.08,43428,Netherlands,0.5,paypall,10.01,Apparel,Online,Returned,FedEx,Rome,Medium
635017,SKU_1841,Wall Clock,16,19-01-2020 18:00,34.16,63142,Norway,0.25,paypall,28.21,Accessories,Online,Not Returned,Royal Mail,Berlin,High
855073,SKU_1328,T-shirt,36,19-01-2020 19:00,5.06,87635,Australia,0.24,Bank Transfer,7.91,Apparel,Online,Not Returned,UPS,Rome,Low
276089,SKU_1528,Notebook,33,19-01-2020 20:00,28.54,26256,United Kingdom,0.08,Credit Card,6.33,Electronics,In-store,Not Returned,UPS,London,High
297392,SKU_1105,White Mug,48,19-01-2020 21:00,78.35,11514,Germany,0.1,Bank Transfer,24.85,Furniture,In-store,Returned,UPS,Rome,Low
258823,SKU_1229,White Mug,-47,19-01-2020 22:00,98.15,,Germany,0.14,Credit Card,,Apparel,In-store,Returned,DHL,,High
730152,SKU_1303,Office Chair,36,19-01-2020 23:00,41.73,48891,United States,0.46,paypall,8.52,Electronics,Online,Not Returned,Royal Mail,Berlin,High
493002,SKU_1176,T-shirt,36,20-01-2020 00:00,10.53,79142,United States,0.22,paypall,23.27,Electronics,In-store,Not Returned,Royal Mail,Paris,Medium
833429,SKU_1938,Backpack,49,20-01-2020 01:00,91.7,97086,Belgium,0.34,Credit Card,17.63,Accessories,Online,Not Returned,FedEx,Rome,High
598863,SKU_1083,T-shirt,28,20-01-2020 02:00,7.73,83260,France,0.12,Credit Card,10.99,Stationery,Online,Returned,DHL,Amsterdam,High
467654,SKU_1262,Wireless Mouse,34,20-01-2020 03:00,32.73,44086,Spain,0.19,paypall,24.42,Apparel,Online,Not Returned,Royal Mail,London,Low
679036,SKU_1195,T-shirt,16,20-01-2020 04:00,17.22,,Spain,0.03,Credit Card,11.63,Electronics,In-store,Not Returned,UPS,London,Low
630089,SKU_1248,Blue Pen,29,20-01-2020 05:00,25.96,90068,Sweden,0.46,paypall,22.85,Stationery,Online,Not Returned,DHL,Berlin,High
250262,SKU_1381,White Mug,29,20-01-2020 06:00,65.67,49899,Portugal,0.33,paypall,24.03,Stationery,In-store,Not Returned,Royal Mail,Paris,High
542905,SKU_1457,Backpack,24,20-01-2020 07:00,5.32,31103,Sweden,0,paypall,21.83,Electronics,Online,Returned,DHL,Rome,Medium
335362,SKU_1660,Wireless Mouse,23,20-01-2020 08:00,38.77,36587,Norway,0.3,Credit Card,6.86,Apparel,In-store,Not Returned,FedEx,Paris,High
544209,SKU_1717,White Mug,-43,20-01-2020 09:00,-1.47,,France,1.330014402,Bank Transfer,,Electronics,Online,Returned,UPS,,High
653880,SKU_1408,Desk Lamp,4,20-01-2020 10:00,42.04,66228,Norway,0.41,Credit Card,8,Stationery,Online,Not Returned,FedEx,Berlin,High
897079,SKU_1080,Notebook,23,20-01-2020 11:00,46.85,94757,France,0.24,Credit Card,20.14,Apparel,In-store,Not Returned,FedEx,Berlin,High
764076,SKU_1700,Blue Pen,22,20-01-2020 12:00,83.39,34344,Sweden,0.09,paypall,18.69,Apparel,Online,Not Returned,FedEx,Berlin,Low
319963,SKU_1411,Notebook,-27,20-01-2020 13:00,51.17,,United Kingdom,0,paypall,,Electronics,In-store,Returned,Royal Mail,,Medium
580761,SKU_1205,Blue Pen,27,20-01-2020 14:00,16.64,10710,Australia,0.39,Credit Card,28.79,Electronics,Online,Not Returned,FedEx,Rome,Low
348710,SKU_1819,Wall Clock,30,20-01-2020 15:00,60.56,46560,Belgium,0.39,paypall,27.65,Accessories,In-store,Not Returned,Royal Mail,Paris,Medium
320984,SKU_1780,Blue Pen,22,20-01-2020 16:00,25.85,62337,Belgium,0.03,paypall,26.12,Apparel,Online,Not Returned,DHL,Amsterdam,Medium
997059,SKU_1801,White Mug,6,20-01-2020 17:00,51.55,40650,Norway,0.25,Bank Transfer,19.65,Accessories,Online,Not Returned,Royal Mail,Paris,Low
956748,SKU_1894,Notebook,27,20-01-2020 18:00,27.61,19221,Germany,0.41,Credit Card,20.05,Accessories,In-store,Not Returned,DHL,London,High
882355,SKU_1872,Notebook,22,20-01-2020 19:00,25.46,63996,Australia,0.12,Credit Card,8.93,Stationery,Online,Not Returned,FedEx,Paris,High
364512,SKU_1962,T-shirt,-29,20-01-2020 20:00,-79.33,,Italy,0.1,Bank Transfer,,Apparel,Online,Not Returned,DHL,,Low
701863,SKU_1387,Notebook,24,20-01-2020 21:00,51.24,46614,France,0.19,paypall,29.51,Apparel,Online,Not Returned,DHL,Paris,Medium
368799,SKU_1811,Backpack,33,20-01-2020 22:00,77.92,82917,United Kingdom,0.11,Credit Card,24.4,Accessories,In-store,Returned,DHL,Rome,Low
337549,SKU_1893,T-shirt,30,20-01-2020 23:00,43.82,95963,Portugal,0.31,paypall,28.81,Stationery,In-store,Not Returned,FedEx,Rome,High
694319,SKU_1766,Wall Clock,22,21-01-2020 00:00,30.9,,Spain,0.43,Credit Card,13.21,Stationery,In-store,Not Returned,Royal Mail,,High
584299,SKU_1398,White Mug,7,21-01-2020 01:00,53.72,88103,Belgium,0.26,Credit Card,27.29,Stationery,In-store,Not Returned,Royal Mail,Berlin,Medium
712210,SKU_1979,Blue Pen,9,21-01-2020 02:00,83.09,,Spain,0.15,paypall,5.34,Electronics,In-store,Returned,UPS,,Low
548982,SKU_1007,Headphones,32,21-01-2020 03:00,11.58,85983,France,0.01,Credit Card,26.74,Furniture,In-store,Not Returned,Royal Mail,Paris,High
224046,SKU_1625,Wireless Mouse,-41,21-01-2020 04:00,-97.18,,Netherlands,0.18,paypall,,Accessories,In-store,Not Returned,DHL,,Medium
506619,SKU_1516,Office Chair,17,21-01-2020 05:00,51.82,97635,Portugal,0.33,Bank Transfer,21.91,Accessories,Online,Not Returned,Royal Mail,Rome,High
132097,SKU_1449,Wireless Mouse,22,21-01-2020 06:00,46.94,93300,Norway,0.46,Credit Card,22.41,Electronics,In-store,Returned,FedEx,Amsterdam,Medium
766326,SKU_1475,Blue Pen,26,21-01-2020 07:00,97.01,55735,United Kingdom,0.41,Credit Card,7.83,Electronics,Online,Not Returned,DHL,London,High
749150,SKU_1341,Backpack,32,21-01-2020 08:00,35.96,90417,Portugal,0.08,paypall,9.52,Apparel,Online,Not Returned,UPS,Amsterdam,Low
330229,SKU_1072,Office Chair,29,21-01-2020 09:00,41.44,19243,Norway,0.21,Credit Card,11.55,Apparel,In-store,Not Returned,UPS,London,Low
218834,SKU_1859,Desk Lamp,37,21-01-2020 10:00,14.34,76763,United States,0.37,Credit Card,21.99,Electronics,Online,Not Returned,Royal Mail,Amsterdam,Medium
193848,SKU_1120,Wireless Mouse,36,21-01-2020 11:00,88.77,97715,Italy,0.09,paypall,29.01,Accessories,In-store,Not Returned,DHL,London,Medium
152921,SKU_1301,T-shirt,46,21-01-2020 12:00,98.05,44805,Belgium,0.3,paypall,19.28,Furniture,Online,Not Returned,FedEx,Berlin,High
805086,SKU_1960,USB Cable,42,21-01-2020 13:00,16.6,72141,Sweden,0.21,Bank Transfer,12.21,Furniture,Online,Not Returned,Royal Mail,Paris,Medium
750429,SKU_1883,Blue Pen,10,21-01-2020 14:00,94.97,58153,Germany,0.1,Credit Card,6.73,Apparel,Online,Not Returned,FedEx,Rome,High
805660,SKU_1995,Desk Lamp,23,21-01-2020 15:00,1.81,48644,Italy,0.13,Credit Card,14.29,Apparel,In-store,Not Returned,UPS,Berlin,Medium
384821,SKU_1880,Desk Lamp,5,21-01-2020 16:00,73.95,25688,Netherlands,0.02,Credit Card,10.3,Accessories,Online,Not Returned,FedEx,Paris,High
155609,SKU_1233,White Mug,11,21-01-2020 17:00,65.22,68165,Norway,0.19,paypall,16.54,Stationery,Online,Not Returned,DHL,London,Medium
327897,SKU_1065,Desk Lamp,12,21-01-2020 18:00,7.15,72833,Germany,0.46,Credit Card,22,Stationery,Online,Not Returned,DHL,London,Medium
131024,SKU_1229,White Mug,20,21-01-2020 19:00,5.01,26773,Netherlands,0.28,paypall,14.79,Furniture,In-store,Not Returned,FedEx,Paris,Medium
170313,SKU_1921,Notebook,10,21-01-2020 20:00,6.71,47369,Belgium,0.41,Bank Transfer,13.66,Accessories,Online,Not Returned,Royal Mail,Berlin,High
489957,SKU_1542,USB Cable,-11,21-01-2020 21:00,-84.13,,United States,0.19,Bank Transfer,,Accessories,In-store,Returned,DHL,,Medium
284078,SKU_1818,Office Chair,12,21-01-2020 22:00,54.39,53438,Belgium,0.08,paypall,23.14,Stationery,Online,Not Returned,FedEx,Rome,High
457429,SKU_1808,T-shirt,42,21-01-2020 23:00,78.66,18173,Italy,0.35,paypall,16.62,Furniture,In-store,Not Returned,FedEx,London,Low
561243,SKU_1050,Office Chair,25,22-01-2020 00:00,81.71,12403,Sweden,0.44,Credit Card,25.36,Electronics,In-store,Not Returned,FedEx,Berlin,Low
213632,SKU_1658,Wireless Mouse,8,22-01-2020 01:00,68.94,90901,United Kingdom,0.38,paypall,18.54,Stationery,In-store,Not Returned,DHL,Amsterdam,Medium
351451,SKU_1606,White Mug,20,22-01-2020 02:00,95.02,54624,Sweden,0.33,paypall,15.26,Apparel,Online,Not Returned,UPS,Berlin,Medium
103051,SKU_1328,Notebook,10,22-01-2020 03:00,4.39,30573,Italy,0.23,Credit Card,28.81,Accessories,In-store,Not Returned,UPS,Amsterdam,High
804107,SKU_1386,Notebook,-5,22-01-2020 04:00,-25.55,,Belgium,1.992677315,Credit Card,,Accessories,Online,Not Returned,DHL,,Low
476836,SKU_1037,T-shirt,48,22-01-2020 05:00,46.02,23992,France,0.14,Credit Card,11.94,Stationery,In-store,Not Returned,FedEx,Paris,Low
711523,SKU_1709,Wall Clock,47,22-01-2020 06:00,78.19,57539,United Kingdom,0,Credit Card,6.46,Electronics,In-store,Not Returned,DHL,Paris,Low
821772,SKU_1752,T-shirt,30,22-01-2020 07:00,36.57,97451,Portugal,0.18,paypall,22.62,Furniture,Online,Not Returned,FedEx,Paris,Medium
289407,SKU_1172,Backpack,12,22-01-2020 08:00,40.9,,United States,0.32,paypall,6.99,Apparel,Online,Not Returned,DHL,Berlin,Medium
549395,SKU_1492,Notebook,8,22-01-2020 09:00,69.09,66485,Portugal,0.5,paypall,29.02,Stationery,Online,Not Returned,FedEx,London,Medium
562894,SKU_1767,USB Cable,23,22-01-2020 10:00,32.94,81211,Spain,0.04,Credit Card,19.27,Stationery,Online,Not Returned,UPS,Paris,High
311810,SKU_1454,T-shirt,17,22-01-2020 11:00,96.01,44667,Netherlands,0.21,Credit Card,12.52,Accessories,In-store,Returned,Royal Mail,Paris,High
827975,SKU_1040,Notebook,4,22-01-2020 12:00,35.08,26187,Norway,0.41,Credit Card,11.88,Accessories,In-store,Not Returned,FedEx,London,Medium
173523,SKU_1920,Headphones,1,22-01-2020 13:00,56.18,91820,United States,0.43,Bank Transfer,22.67,Stationery,Online,Not Returned,Royal Mail,London,High
860463,SKU_1984,Wireless Mouse,37,22-01-2020 14:00,4.13,76076,United Kingdom,0.32,paypall,28.19,Stationery,Online,Not Returned,FedEx,Rome,Medium
194476,SKU_1945,White Mug,39,22-01-2020 15:00,35.68,67916,Australia,0.39,Credit Card,11.66,Apparel,In-store,Not Returned,UPS,Amsterdam,Medium
333841,SKU_1128,Wall Clock,8,22-01-2020 16:00,6.36,45088,Spain,0.15,Credit Card,18.93,Accessories,In-store,Not Returned,UPS,London,Low
903451,SKU_1053,White Mug,33,22-01-2020 17:00,87.34,68708,Sweden,0.48,paypall,8.76,Apparel,In-store,Not Returned,UPS,Amsterdam,Medium
970045,SKU_1085,Wireless Mouse,37,22-01-2020 18:00,82.4,13572,France,0.05,Bank Transfer,17.68,Electronics,In-store,Not Returned,FedEx,Paris,Low
322866,SKU_1723,Notebook,39,22-01-2020 19:00,26.77,,France,0.49,Bank Transfer,5.33,Electronics,In-store,Not Returned,Royal Mail,Amsterdam,Low
186672,SKU_1268,Office Chair,35,22-01-2020 20:00,99.58,37215,United States,0.26,Credit Card,16.13,Furniture,In-store,Not Returned,DHL,Amsterdam,High
698135,SKU_1295,Blue Pen,25,22-01-2020 21:00,50.32,41706,Australia,0.48,Bank Transfer,24.08,Electronics,Online,Returned,FedEx,Amsterdam,High
444894,SKU_1020,Notebook,29,22-01-2020 22:00,20.19,31146,Belgium,0.04,Bank Transfer,26.25,Furniture,Online,Returned,UPS,Berlin,High
834994,SKU_1214,Office Chair,40,22-01-2020 23:00,29.23,49539,Italy,0.24,Credit Card,19.9,Furniture,In-store,Not Returned,FedEx,Amsterdam,High
128251,SKU_1424,Wireless Mouse,28,23-01-2020 00:00,31.89,85013,Portugal,0.09,Credit Card,27.1,Stationery,In-store,Not Returned,Royal Mail,Paris,Medium
727769,SKU_1188,White Mug,35,23-01-2020 01:00,16.29,41861,Sweden,0.28,Bank Transfer,25.68,Furniture,In-store,Not Returned,FedEx,Amsterdam,Low
474710,SKU_1160,Blue Pen,48,23-01-2020 02:00,53.78,70394,Netherlands,0.47,Credit Card,20.28,Apparel,In-store,Not Returned,DHL,Paris,High
650233,SKU_1712,Headphones,3,23-01-2020 03:00,21.89,39686,Netherlands,0.38,Bank Transfer,23.31,Furniture,Online,Not Returned,UPS,Rome,Low
977284,SKU_1540,Wireless Mouse,2,23-01-2020 04:00,9.43,69767,Germany,0.29,Bank Transfer,10.1,Accessories,Online,Returned,FedEx,Berlin,Low
132217,SKU_1380,White Mug,16,23-01-2020 05:00,99.83,13352,Portugal,0.02,Credit Card,17.35,Apparel,In-store,Not Returned,UPS,Paris,Low
108308,SKU_1243,Wall Clock,49,23-01-2020 06:00,74.27,39931,Netherlands,0.49,paypall,16.63,Apparel,Online,Not Returned,FedEx,Amsterdam,Low
368093,SKU_1182,Blue Pen,47,23-01-2020 07:00,90.09,63295,Italy,0.29,paypall,20.15,Stationery,In-store,Not Returned,UPS,Rome,High
283062,SKU_1543,Wireless Mouse,46,23-01-2020 08:00,5.78,14440,Australia,0.45,paypall,16.24,Apparel,In-store,Not Returned,DHL,Rome,High
494366,SKU_1778,Wireless Mouse,33,23-01-2020 09:00,34.13,28276,Italy,0.36,Bank Transfer,12.34,Electronics,In-store,Not Returned,DHL,Paris,Low
844840,SKU_1947,Wireless Mouse,7,23-01-2020 10:00,26.78,13702,France,0.19,Bank Transfer,17.84,Electronics,Online,Not Returned,Royal Mail,Berlin,Medium
200235,SKU_1547,Office Chair,23,23-01-2020 11:00,88.75,85467,Portugal,0.2,Bank Transfer,9.56,Accessories,Online,Not Returned,DHL,Paris,Medium
174740,SKU_1092,Blue Pen,31,23-01-2020 12:00,93.64,98968,Norway,0.45,Bank Transfer,28.14,Apparel,Online,Not Returned,Royal Mail,London,Low
478496,SKU_1367,Wall Clock,44,23-01-2020 13:00,43.6,25425,France,0.34,Credit Card,29.25,Apparel,In-store,Not Returned,FedEx,Paris,Medium
953049,SKU_1158,Wall Clock,18,23-01-2020 14:00,47.33,71231,Australia,0.04,Credit Card,29.71,Apparel,Online,Not Returned,FedEx,Berlin,High
850201,SKU_1397,USB Cable,-50,23-01-2020 15:00,-98.5,,Germany,0.42,paypall,,Apparel,In-store,Not Returned,DHL,,High
903328,SKU_1958,Office Chair,8,23-01-2020 16:00,44.96,40213,United Kingdom,0.14,Bank Transfer,18.06,Electronics,Online,Not Returned,DHL,Berlin,High
277247,SKU_1179,Office Chair,30,23-01-2020 17:00,47.11,23402,Italy,0.27,Credit Card,13.09,Electronics,Online,Not Returned,FedEx,Amsterdam,High
763165,SKU_1437,Wall Clock,13,23-01-2020 18:00,83.03,33843,Sweden,0.06,Credit Card,10.78,Electronics,Online,Not Returned,DHL,Paris,Medium
629525,SKU_1372,Office Chair,38,23-01-2020 19:00,81.69,15316,Sweden,0.16,Bank Transfer,23.51,Electronics,In-store,Not Returned,DHL,Rome,Medium
